Sample_ID,Site,site_season,Sample_Type,Sample_Date,Season,Wet_Dry_Season,Sample_Time,Temperature_C,Conductivity_uS_cm,Dissolved_Oxygen_mg_L,pH,Turbidity_NTU,E_coli_MPN_100_mL,Log10_E_coli_MPN_100_ml,HF183MGB_GC_100_mL,Log_HF183MGB_GC_100_mL,E_Coli_GC_100_mL,Log_E_Coli_GC_100_mL,DG3_GC_100_mL,Log_DG3_GC_100_mL,Salmonella_presence_absence,Stx2_presence_absence,24_hr_Precipitation_in,48_hr_Precipitation_in,72_hr_Precipitation_in,Rain_Intensity_24_hr_prior_in_hr,Rain_Intensity_48_hr_prior_in_hr,Rain_Intensity_72_hr_prior_in_hr,Impervious_Percent,Forest_Percent,Grasslands_Percent
PC1,Northwest,Northwest_Dry,GrbW,11/23/15,Fall,Dry,1117,7.8,194.4,11.22,7.14,NA,997.00,3,20924.00,4.3,18865.00,4.3,0.00,0,0,0,0,0,0,0,0,0,59,13.9,0.9
PC11,Lindsay Street,Lindsay Street_Dry,GrbW,11/23/15,Fall,Dry,1411,15.1,254.5,6.86,7.38,NA,389.00,2.6,29690.00,4.5,6456.00,3.8,0.00,0,1,0,0,0,0,0,0,0,94.5,0,0
PC12,Greensferry,Greensferry_Dry,GrbW,11/23/15,Fall,Dry,1445,17.5,262.3,6.81,7.44,NA,101330.00,5,8257914.00,6.9,2774038.00,6.4,15677.00,4.2,0,0,0,0,0,0,0,0,83.8,0.4,0
PC13,Burbank,Burbank_Dry,GrbW,11/23/15,Fall,Dry,1508,10.6,134.3,9.6,7.69,NA,2463.00,3.4,362783.00,5.6,49685.00,4.7,0.00,0,0,1,0,0,0,0,0,0,68.7,1.4,0
PC2,Lillian Cooper Park,Lillian Cooper Park_Dry,GrbW,11/23/15,Fall,Dry,1137,10.2,99.2,7.56,7.38,NA,294.00,2.5,0.00,0,9568.00,4,0.00,0,1,1,0,0,0,0,0,0,47.8,21.3,0
PC3,James Jackson,James Jackson_Dry,GrbW,11/23/15,Fall,Dry,1152,7.8,184.9,10.89,7.27,NA,824.00,2.9,26183.00,4.4,22629.00,4.4,0.00,0,0,0,0,0,0,0,0,0,60.1,13.1,1
PC4,Spring Street,Spring Street_Dry,GrbW,11/23/15,Fall,Dry,1211,8.5,119.4,9.72,7.45,NA,396.00,2.6,19409.00,4.3,8798.00,3.9,0.00,0,0,1,0,0,0,0,0,0,41.8,21.9,0.7
PC5,Kerry Circle,Kerry Circle_Dry,GrbW,11/23/15,Fall,Dry,1227,9.5,221.3,9.58,7.36,NA,708.00,2.9,15325.00,4.2,20401.00,4.3,0.00,0,0,0,0,0,0,0,0,0,69.7,8.6,1
PC6,Hortense,Hortense_Dry,GrbW,11/23/15,Fall,Dry,1259,9.1,182.9,9.87,7.48,NA,1818.00,3.3,94050.00,5,47089.00,4.7,0.00,0,0,1,0,0,0,0,0,0,77.3,4.1,0.2
PC7,Grove Park,Grove Park_Dry,GrbW,11/23/15,Fall,Dry,1308,9.2,142.5,10.75,7.59,NA,957.00,3,83228.00,4.9,53340.00,4.7,0.00,0,1,1,0,0,0,0,0,0,48.8,11.2,0
PC9,North Ave,North Ave_Dry,GrbW,11/23/15,Fall,Dry,1338,15.1,203.9,8.67,7.66,NA,8864.00,3.9,2770201.00,6.4,385465.00,5.6,22317.00,4.3,1,0,0,0,0,0,0,0,77,1.2,0
PC15,Northwest,Northwest_Dry,GrbW,12/7/15,Fall,Dry,1035,9,181,11.84,7.39,NA,1461.00,3.2,176641.00,5.2,27910.00,4.4,0.00,0,0,0,0,0,0,0,0,0,59,13.9,0.9
PC16,Lillian Cooper Park,Lillian Cooper Park_Dry,GrbW,12/7/15,Fall,Dry,1056,11.3,101.2,7.17,7.65,NA,598.00,2.8,0.00,0,19764.00,4.3,0.00,0,1,0,0,0,0,0,0,0,47.8,21.3,0
PC17,James Jackson,James Jackson_Dry,GrbW,12/7/15,Fall,Dry,1111,8.9,173.6,12.34,7.57,NA,1068.00,3,22183.00,4.3,37008.00,4.6,0.00,0,0,0,0,0,0,0,0,0,60.1,13.1,1
PC18,Spring Street,Spring Street_Dry,GrbW,12/7/15,Fall,Dry,1125,10.2,118.7,11.47,7.82,NA,83.00,1.9,1602.00,3.2,2034.00,3.3,0.00,0,0,0,0,0,0,0,0,0,41.8,21.9,0.7
PC19,Kerry Circle,Kerry Circle_Dry,GrbW,12/7/15,Fall,Dry,1138,10,194,11.75,7.63,NA,2581.00,3.4,67016.00,4.8,31853.00,4.5,0.00,0,0,0,0,0,0,0,0,0,69.7,8.6,1
PC20,Hortense,Hortense_Dry,GrbW,12/7/15,Fall,Dry,1156,11.1,185.6,11.1,7.66,NA,496.00,2.7,87648.00,4.9,16612.00,4.2,0.00,0,0,0,0,0,0,0,0,0,77.3,4.1,0.2
PC21,Grove Park,Grove Park_Dry,GrbW,12/7/15,Fall,Dry,1208,11,146.7,11.32,7.83,NA,247.00,2.4,0.00,0,0.00,2.7,0.00,0,0,0,0,0,0,0,0,0,48.8,11.2,0
PC23,North Ave,North Ave_Dry,GrbW,12/7/15,Fall,Dry,1230,16.2,223.3,9.7,7.81,NA,2028.00,3.3,431649.00,5.6,55005.00,4.7,0.00,3,0,0,0,0,0,0,0,0,77,1.2,0
PC24,Lindsay Street,Lindsay Street_Dry,GrbW,12/7/15,Fall,Dry,1244,16.5,174.4,7.67,7.69,NA,35807.00,4.6,7087422.00,6.9,764945.00,5.9,0.00,0,1,1,0,0,0,0,0,0,94.5,0,0
PC25,Greensferry,Greensferry_Dry,GrbW,12/7/15,Fall,Dry,1257,18,261,7.25,7.44,NA,5411.00,3.7,941242.00,6,109667.00,5,2145.00,3.3,0,0,0,0,0,0,0,0,83.8,0.4,0
PC26,Burbank,Burbank_Dry,GrbW,12/7/15,Fall,Dry,1308,13.5,111.5,9.93,7.89,NA,4572.00,3.7,152869.00,5.2,23334.00,4.4,0.00,0,1,1,0,0,0,0,0,0,68.7,1.4,0
PC28,Lindsay Street,Lindsay Street_Wet,GrbW,1/12/16,Winter,Wet,1235,14.41,358,8.67,7.05,1.2,795.00,2.9,102158.00,5,NA,NA,0.00,0,0,1,0,0,0.27,0,0,0.004,94.5,0,0
PC29,Burbank,Burbank_Wet,GrbW,1/12/16,Winter,Wet,1030,6.1,191,11.75,7,1.6,9762.00,4,1409048.00,6.1,NA,NA,1949.00,3.3,0,1,0,0,0.27,0,0,0.004,68.7,1.4,0
PC30,Grove Park,Grove Park_Wet,GrbW,1/12/16,Winter,Wet,1400,7.61,206,11.7,7.66,3.5,175.00,2.2,20359.00,4.3,NA,NA,0.00,0,0,1,0,0,0.3,0,0,0.004,48.8,11.2,0
PC31,Spring Street,Spring Street_Wet,GrbW,1/12/16,Winter,Wet,1030,4.64,185,12.28,7.41,8.2,2589.00,3.4,641895.00,5.8,NA,NA,2079.00,3.3,0,0,0,0,0.3,0,0,0.004,41.8,21.9,0.7
PC33,Lillian Cooper Park,Lillian Cooper Park_Wet,GrbW,1/12/16,Winter,Wet,1150,7.58,140,10.21,7.39,5.7,145.00,2.2,0.00,0,NA,NA,0.00,0,0,0,0,0,0.27,0,0,0.004,47.8,21.3,0
PC35,Greensferry,Greensferry_Wet,GrbW,1/12/16,Winter,Wet,1100,15.63,299,8.9,7.1,0.9,2889.00,3.5,2219194.00,6.3,NA,NA,15253.00,4.2,0,0,0,0,0.27,0,0,0.004,83.8,0.4,0
PC36,North Ave,North Ave_Wet,GrbW,1/12/16,Winter,Wet,1145,11.48,272,10.89,7.34,1.4,26879.00,4.4,2594271.00,6.4,NA,NA,4970.00,3.7,0,0,0,0,0.27,0,0,0.004,77,1.2,0
PC37,North Ave CSO,North Ave CSO_Wet,GrbW,1/12/16,Winter,Wet,1205,8.54,646,12.19,6.87,1.4,68.00,1.8,3524.00,3.5,NA,NA,0.00,0,0,0,0,0,0.27,0,0,0.004,93.7,0.3,0
PC39,Hortense,Hortense_Wet,GrbW,1/12/16,Winter,Wet,1300,6.98,259,11.85,7.62,3.6,3015.00,3.5,675828.00,5.8,NA,NA,0.00,0,0,NA,0,0,0.3,0,0,0.004,77.3,4.1,0.2
PC40,Kerry Circle,Kerry Circle_Wet,GrbW,1/12/16,Winter,Wet,1115,5.02,277,11.76,7.36,4.5,1411.00,3.1,279416.00,5.4,NA,NA,0.00,0,1,0,0,0,0.3,0,0,0.004,69.7,8.6,1
PC41,James Jackson,James Jackson_Wet,GrbW,1/12/16,Winter,Wet,1230,4.54,258,12.87,7.53,2.9,880.00,2.9,292935.00,5.5,NA,NA,0.00,0,1,0,0,0,0.3,0,0,0.004,60.1,13.1,1
PC42,Northwest ,Northwest _Wet,GrbW,1/12/16,Winter,Wet,1010,3.77,279,12.05,6.95,3.4,3746.00,3.6,260210.00,5.4,NA,NA,0.00,0,0,0,0,0,0.3,0,0,0.004,59,13.9,0.9
PC44,Northwest,Northwest_Wet,GrbW,1/26/16,Winter,Wet,1011,6.5,178.3,11.7,6.35,NA,4072.00,3.6,142760.00,5.2,79114.00,4.9,0.00,0,1,0,0,0,0,0,0,0,59,13.9,0.9
PC45,Lillian Cooper Park,Lillian Cooper Park_Wet,GrbW,1/26/16,Winter,Wet,1030,8.4,99.5,9.18,6.78,NA,679.00,2.8,45823.00,4.7,8986.00,4,0.00,0,0,0,0,0,0,0,0,0,47.8,21.3,0
PC46,James Jackson,James Jackson_Wet,GrbW,1/26/16,Winter,Wet,1041,6.8,166.2,11.09,6.7,NA,1427.00,3.2,167194.00,5.2,53930.00,4.7,0.00,0,1,0,0,0,0,0,0,0,60.1,13.1,1
PC47,Spring Street,Spring Street_Wet,GrbW,1/26/16,Winter,Wet,1100,7.2,114.9,10.51,6.95,NA,241.00,2.4,615023.00,5.8,15847.00,4.2,0.00,0,0,1,0,0,0,0,0,0,41.8,21.9,0.7
PC48,Kerry Circle,Kerry Circle_Wet,GrbW,1/26/16,Winter,Wet,1113,7.4,188.3,9.74,6.95,NA,1189.00,3.1,402015.00,5.6,49372.00,4.7,0.00,0,1,0,0,0,0,0,0,0,69.7,8.6,1
PC49,Hortense,Hortense_Wet,GrbW,1/26/16,Winter,Wet,1131,8.4,171.5,10.78,7.07,NA,2095.00,3.3,611263.00,5.8,28030.00,4.4,0.00,3,0,0,0,0,0,0,0,0,77.3,4.1,0.2
PC50,Grove Park,Grove Park_Wet,GrbW,1/26/16,Winter,Wet,1142,8,133.9,11.46,7.22,NA,123.00,2.1,7019.00,3.8,3916.00,3.6,0.00,0,0,1,0,0,0,0,0,0,48.8,11.2,0
PC52,North Ave,North Ave_Wet,GrbW,1/26/16,Winter,Wet,1201,12.7,199.8,10.25,7.3,NA,15391.00,4.2,2543898.00,6.4,288028.00,5.5,0.00,3,0,0,0,0,0,0,0,0,77,1.2,0
PC53,Lindsay Street,Lindsay Street_Wet,GrbW,1/26/16,Winter,Wet,1218,14.7,365,8.3,7.02,NA,2455.00,3.4,16837.00,4.2,16879.00,4.2,0.00,0,1,0,0,0,0,0,0,0,94.5,0,0
PC54,Greensferry,Greensferry_Wet,GrbW,1/26/16,Winter,Wet,1229,15.6,256.6,8.66,7.25,NA,19260.00,4.3,7239586.00,6.9,314651.00,5.5,2820.00,3.5,0,0,0,0,0,0,0,0,83.8,0.4,0
PC55,Burbank,Burbank_Wet,GrbW,1/26/16,Winter,Wet,1241,10,131,11.22,7.56,NA,3619.00,3.6,NA,NA,NA,NA,0.00,0,1,0,0,0,0,0,0,0,68.7,1.4,0
PC57,Northwest,Northwest_Wet,GrbW,2/9/16,Winter,Wet,1058,6,183.4,11.87,7.45,NA,1295.00,3.1,269543.00,5.4,24359.00,4.4,NA,NA,0,0,0,0,0,0,0,0,59,13.9,0.9
PC58,Lillian Cooper Park,Lillian Cooper Park_Wet,GrbW,2/9/16,Winter,Wet,1108,7.8,101.7,8.66,7.35,NA,99.00,2,9835.00,4,4451.00,3.6,0.00,0,0,0,0,0,0,0,0,0,47.8,21.3,0
PC59,James Jackson,James Jackson_Wet,GrbW,2/9/16,Winter,Wet,1123,6,175,11.56,7.32,NA,973.00,3,219034.00,5.3,19843.00,4.3,0.00,0,0,0,0,0,0,0,0,0,60.1,13.1,1
PC60,Spring Street,Spring Street_Wet,GrbW,2/9/16,Winter,Wet,1140,6.5,113.9,11.48,7.41,NA,618.00,2.8,164345.00,5.2,19775.00,4.3,0.00,0,0,1,0,0,0,0,0,0,41.8,21.9,0.7
PC61,Kerry Circle,Kerry Circle_Wet,GrbW,2/9/16,Winter,Wet,1155,6.5,199.8,10.41,7.33,NA,505.00,2.7,166860.00,5.2,15875.00,4.2,0.00,0,1,0,0,0,0,0,0,0,69.7,8.6,1
PC62,Hortense,Hortense_Wet,GrbW,2/9/16,Winter,Wet,1217,7.2,180.9,11.27,7.51,NA,654.00,2.8,316283.00,5.5,18806.00,4.3,0.00,0,0,0,0,0,0,0,0,0,77.3,4.1,0.2
PC63,Grove Park,Grove Park_Wet,GrbW,2/9/16,Winter,Wet,1230,6.7,137.3,11.77,7.61,NA,232.00,2.4,19961.00,4.3,4932.00,3.7,0.00,0,1,1,0,0,0,0,0,0,48.8,11.2,0
PC65,North Ave,North Ave_Wet,GrbW,2/9/16,Winter,Wet,1256,11.1,202.5,10.57,7.63,NA,4254.00,3.6,5616550.00,6.7,104622.00,5,9598.00,4,0,0,0,0,0,0,0,0,77,1.2,0
PC66,Greensferry,Greensferry_Wet,GrbW,2/9/16,Winter,Wet,1311,14.8,265.5,8.07,7.4,NA,16794.00,4.2,16217453.00,7.2,373976.00,5.6,63215.00,4.8,0,0,0,0,0,0,0,0,83.8,0.4,0
PC67,Lindsay Street,Lindsay Street_Wet,GrbW,2/9/16,Winter,Wet,1324,11.9,34.1,8.07,7.3,NA,114.00,2.1,9057.00,4,4451.00,3.6,0.00,0,1,0,0,0,0,0,0,0,94.5,0,0
PC68,Burbank,Burbank_Wet,GrbW,2/9/16,Winter,Wet,1342,7.6,130.5,11.53,7.72,NA,712.00,2.9,109386.00,5,11836.00,4.1,0.00,0,0,1,0,0,0,0,0,0,68.7,1.4,0
PC70,Greensferry,Greensferry_Wet,GrbW,2/18/16,Winter,Wet,1100,NA,NA,NA,NA,NA,8600.00,3.9,6700307.00,6.8,516924.00,5.7,9458.00,4,0,0,0,0.03,0.92,0.042,0.023,0.016,83.8,0.4,0
PC71,Northwest,Northwest_Wet,GrbW,2/23/16,Winter,Wet,1120,13.4,91.4,9.05,7.93,NA,4618.00,3.7,82228.00,4.9,49178.00,4.7,4137.00,3.6,1,1,1.01,1.11,1.13,0.042,0.023,0.016,59,13.9,0.9
PC72,Lillian Cooper Park,Lillian Cooper Park_Wet,GrbW,2/23/16,Winter,Wet,1131,13,44.9,9.36,7.41,NA,3193.00,3.5,2041.00,3.3,22416.00,4.4,0.00,3,0,0,1.01,1.11,1.13,0.042,0.023,0.016,47.8,21.3,0
PC73,James Jackson,James Jackson_Wet,GrbW,2/23/16,Winter,Wet,1145,13.4,87.2,9.54,7.55,NA,2343.00,3.4,41934.00,4.6,40560.00,4.6,4788.00,3.7,1,0,1.01,1.11,1.13,0.042,0.023,0.016,60.1,13.1,1
PC74,Spring Street,Spring Street_Wet,GrbW,2/23/16,Winter,Wet,1156,13.1,83,9.68,7.61,NA,2938.00,3.5,130451.00,5.1,93245.00,5,2738.00,3.4,0,1,1.02,1.12,1.14,0.043,0.023,0.016,41.8,21.9,0.7
PC75,Kerry Circle,Kerry Circle_Wet,GrbW,2/23/16,Winter,Wet,1210,13.6,93.8,8.26,7.61,NA,4758.00,3.7,102756.00,5,69175.00,4.8,11476.00,4.1,1,0,1.01,1.11,1.14,0.042,0.023,0.016,69.7,8.6,1
PC76,Hortense,Hortense_Wet,GrbW,2/23/16,Winter,Wet,1226,14,90.3,9.51,7.55,NA,8451.00,3.9,765545.00,5.9,95666.00,5,6694.00,3.8,1,1,1.01,1.11,1.14,0.042,0.023,0.016,77.3,4.1,0.2
PC77,Grove Park,Grove Park_Wet,GrbW,2/23/16,Winter,Wet,1235,13.2,93.9,9.9,7.47,NA,3269.00,3.5,230513.00,5.4,140237.00,5.1,2905.00,3.5,1,1,1.01,1.11,1.14,0.042,0.023,0.016,48.8,11.2,0
PC79,North Ave,North Ave_Wet,GrbW,2/23/16,Winter,Wet,1255,14.4,112,9.5,7.5,NA,10781.00,4,1374397.00,6.1,148014.00,5.2,7165.00,3.9,0,0,1.01,1.12,1.15,0.042,0.023,0.016,77,1.2,0
PC80,North Ave CSO,North Ave CSO_Wet,GrbW,2/23/16,Winter,Wet,1312,13.5,113.9,8.25,7.54,NA,1288.00,3.1,2914.00,3.5,27087.00,4.4,2357.00,3.4,0,0,1.01,1.13,1.16,0.042,0.024,0.016,93.7,0.3,0
PC81,Lindsay Street,Lindsay Street_Wet,GrbW,2/23/16,Winter,Wet,1322,15.3,246.6,7.12,7.01,NA,1118.00,3,7436.00,3.9,17328.00,4.2,0.00,3,0,0,1.01,1.13,1.16,0.042,0.024,0.016,94.5,0,0
PC82,Greensferry,Greensferry_Wet,GrbW,2/23/16,Winter,Wet,1335,14.9,594,9.05,7.16,NA,15420.00,4.2,9413933.00,7,211586.00,5.3,4289.00,3.6,0,0,1.01,1.13,1.16,0.042,0.024,0.016,83.8,0.4,0
PC83,Burbank,Burbank_Wet,GrbW,2/23/16,Winter,Wet,1345,13.9,104.8,9.69,7.57,NA,1715.00,3.2,47475.00,4.7,25592.00,4.4,3097.00,3.5,1,1,1.01,1.13,1.16,0.042,0.024,0.016,68.7,1.4,0
PC85,Northwest,Northwest_Wet,GrbW,3/8/16,Winter,Wet,1120,12.3,210.5,12.28,7.84,NA,568.00,2.8,4795.00,3.7,5463.00,3.7,0.00,0,0,1,0,0,0,0,0,0,59,13.9,0.9
PC86,Lillian Cooper Park,Lillian Cooper Park_Wet,GrbW,3/8/16,Winter,Wet,1128,12.3,117.5,9.41,7.28,NA,133.00,2.1,0.00,0,11912.00,4.1,0.00,0,1,0,0,0,0,0,0,0,47.8,21.3,0
PC87,James Jackson,James Jackson_Wet,GrbW,3/8/16,Winter,Wet,1143,12.6,204.6,14.09,7.7,NA,181.00,2.3,10407.00,4,8068.00,3.9,0.00,0,0,1,0,0,0,0,0,0,60.1,13.1,1
PC88,Spring Street,Spring Street_Wet,GrbW,3/8/16,Winter,Wet,1155,12.7,139.7,11.76,7.86,NA,397.00,2.6,55730.00,4.7,12865.00,4.1,0.00,0,0,0,0,0,0,0,0,0,41.8,21.9,0.7
PC89,Kerry Circle,Kerry Circle_Wet,GrbW,3/8/16,Winter,Wet,1215,13.8,254.4,14.08,7.6,NA,188.00,2.3,12115.00,4.1,15044.00,4.2,0.00,0,0,1,0,0,0,0,0,0,69.7,8.6,1
PC90,Hortense,Hortense_Wet,GrbW,3/8/16,Winter,Wet,1228,14.2,212.3,12.53,7.83,NA,559.00,2.7,69382.00,4.8,27847.00,4.4,0.00,0,0,0,0,0,0,0,0,0,77.3,4.1,0.2
PC91,Grove Park,Grove Park_Wet,GrbW,3/8/16,Winter,Wet,1238,13.9,162.5,11.16,7.84,NA,462.00,2.7,7235.00,3.9,19561.00,4.3,0.00,3,0,0,0,0,0,0,0,0,48.8,11.2,0
PC93,North Ave,North Ave_Wet,GrbW,3/8/16,Winter,Wet,1254,18,231.1,11.29,8.35,NA,10209.00,4,362829.00,5.6,221897.00,5.3,0.00,0,1,0,0,0,0,0,0,0,77,1.2,0
PC94,Lindsay Street,Lindsay Street_Wet,GrbW,3/8/16,Winter,Wet,1311,18.1,390,9.25,7.32,NA,514.00,2.7,5973.00,3.8,4183.00,3.6,0.00,0,1,0,0,0,0,0,0,0,94.5,0,0
PC95,Greensferry,Greensferry_Wet,GrbW,3/8/16,Winter,Wet,1322,16.5,257.6,8.99,7.36,NA,16574.00,4.2,1271870.00,6.1,578661.00,5.8,0.00,3,0,0,0,0,0,0,0,0,83.8,0.4,0
PC96,Burbank,Burbank_Wet,GrbW,3/8/16,Winter,Wet,1332,16.4,158.7,12.56,8.09,NA,510.00,2.7,5537.00,3.7,6685.00,3.8,0.00,0,0,1,0,0,0,0,0,0,68.7,1.4,0
PC100,James Jackson,James Jackson_Wet,GrbW,3/22/16,Spring,Wet,1145,10.4,203.8,12.48,NA,1.78,621.00,2.8,32847.00,4.5,35569.00,4.6,0.00,0,0,1,0,0,0,0,0,0,60.1,13.1,1
PC101,Spring Street,Spring Street_Wet,GrbW,3/22/16,Spring,Wet,1200,11.2,118.8,14.02,NA,3.85,178.00,2.3,51230.00,4.7,21045.00,4.3,0.00,0,0,0,0,0,0,0,0,0,41.8,21.9,0.7
PC102,Kerry Circle,Kerry Circle_Wet,GrbW,3/22/16,Spring,Wet,1215,11.3,244.5,14.21,NA,2.09,301.00,2.5,28948.00,4.5,23400.00,4.4,0.00,0,0,0,0,0,0,0,0,0,69.7,8.6,1
PC103,Hortense,Hortense_Wet,GrbW,3/22/16,Spring,Wet,1230,11.9,194.4,12.8,NA,1.2,363.00,2.6,65487.00,4.8,27326.00,4.4,0.00,0,0,0,0,0,0,0,0,0,77.3,4.1,0.2
PC104,Grove Park,Grove Park_Wet,GrbW,3/22/16,Spring,Wet,1239,11.9,153.2,11.4,NA,1.84,366.00,2.6,4562.00,3.7,11419.00,4.1,0.00,0,1,1,0,0,0,0,0,0,48.8,11.2,0
PC106,North Ave,North Ave_Wet,GrbW,3/22/16,Spring,Wet,1300,17.3,230.8,9.86,NA,1.36,1275.00,3.1,554371.00,5.7,141183.00,5.1,16392.00,4.2,0,0,0,0,0,0,0,0,77,1.2,0
PC107,North Ave CSO,North Ave CSO_Wet,GrbW,3/22/16,Spring,Wet,1309,9,452,11.38,NA,0.75,154.00,2.2,0.00,0,0.00,0,0.00,0,NA,NA,0,0,0,0,0,0,93.7,0.3,0
PC108,Lindsay Street,Lindsay Street_Wet,GrbW,3/22/16,Spring,Wet,1322,17.6,369.3,8.83,NA,5.92,458.00,2.7,27455.00,4.4,20658.00,4.3,0.00,0,1,1,0,0,0,0,0,0,94.5,0,0
PC109,Greensferry,Greensferry_Wet,GrbW,3/22/16,Spring,Wet,1333,17.2,260.1,7.33,NA,1.73,9974.00,4,3779528.00,6.6,537135.00,5.7,19470.00,4.3,0,1,0,0,0,0,0,0,83.8,0.4,0
PC110,Burbank,Burbank_Wet,GrbW,3/22/16,Spring,Wet,1345,14.8,147.7,13.03,NA,0.84,860.00,2.9,34544.00,4.5,17776.00,4.2,0.00,0,0,0,0,0,0,0,0,0,68.7,1.4,0
PC98,Northwest,Northwest_Wet,GrbW,3/22/16,Spring,Wet,1116,10.3,210.5,13.18,NA,1.66,609.00,2.8,17970.00,4.3,13184.00,4.1,0.00,0,0,0,0,0,0,0,0,0,59,13.9,0.9
PC99,Lillian Cooper Park,Lillian Cooper Park_Wet,GrbW,3/22/16,Spring,Wet,1130,11.6,116.2,9.19,NA,6.07,271.00,2.4,643.00,2.8,19596.00,4.3,0.00,0,0,0,0,0,0,0,0,0,47.8,21.3,0
PC112,Burbank,Burbank_Wet,GrbW,4/6/16,Spring,Wet,1155,12.81,208,9.91,7.32,2.2,5848.00,3.8,174170.00,5.2,39586.00,4.6,0.00,0,0,1,0,0,0,0,0,0,68.7,1.4,0
PC113,Greensferry,Greensferry_Wet,GrbW,4/6/16,Spring,Wet,1130,16.75,309,7.84,7.23,1.5,23155.00,4.4,3495779.00,6.5,233383.00,5.4,1484.00,3.2,0,0,0,0,0,0,0,0,83.8,0.4,0
PC114,North Ave,North Ave_Wet,GrbW,4/6/16,Spring,Wet,1145,15.94,261,10.07,7.67,2.9,11787.00,4.1,3181019.00,6.5,251257.00,5.4,1379.00,3.1,0,0,0,0,0,0,0,0,77,1.2,0
PC115,North Ave CSO,North Ave CSO_Wet,GrbW,4/6/16,Spring,Wet,1215,14.4,571,3.08,7.03,1.1,79.00,1.9,0.00,0,0.00,0,0.00,0,0,1,0,0,0,0,0,0,93.7,0.3,0
PC117,Hortense,Hortense_Wet,GrbW,4/6/16,Spring,Wet,950,12.32,257,9.43,7.3,2,643.00,2.8,51534.00,4.7,11291.00,4.1,0.00,0,1,1,0,0,0,0,0,0,77.3,4.1,0.2
PC118,Kerry Circle,Kerry Circle_Wet,GrbW,4/6/16,Spring,Wet,1030,12.66,340,10.27,7.52,4,1028.00,3,20007.00,4.3,12384.00,4.1,0.00,0,0,1,0,0,0,0,0,0,69.7,8.6,1
PC119,James Jackson,James Jackson_Wet,GrbW,4/6/16,Spring,Wet,1135,13.22,286,11.43,7.8,1.9,421.00,2.6,10565.00,4,6495.00,3.8,0.00,0,0,1,0,0,0,0,0,0,60.1,13.1,1
PC120,Northwest,Northwest_Wet,GrbW,4/6/16,Spring,Wet,1030,12.88,305,10.72,7.66,2.3,316.00,2.5,11869.00,4.1,6167.00,3.8,0.00,0,1,0,0,0,0,0,0,0,59,13.9,0.9
PC121,Lindsay Street,Lindsay Street_Wet,GrbW,4/6/16,Spring,Wet,1215,15.92,441,9.03,6.9,0.7,242.00,2.4,4223.00,3.6,3795.00,3.6,0.00,0,1,1,0,0,0,0,0,0,94.5,0,0
PC122,Grove Park,Grove Park_Wet,GrbW,4/6/16,Spring,Wet,1015,11.85,210,10.6,7.64,1.7,572.00,2.8,6844.00,3.8,12768.00,4.1,0.00,0,0,1,0,0,0,0,0,0,48.8,11.2,0
PC123,Spring Street,Spring Street_Wet,GrbW,4/6/16,Spring,Wet,1145,13.17,169,10.45,7.48,3,529.00,2.7,40585.00,4.6,10706.00,4,0.00,0,0,1,0,0,0,0,0,0,41.8,21.9,0.7
PC125,Lillian Cooper Park,Lillian Cooper Park_Wet,GrbW,4/6/16,Spring,Wet,1115,12.89,170,8.62,7.08,3.7,906.00,3,0.00,2.7,8454.00,3.9,0.00,0,1,0,0,0,0,0,0,0,47.8,21.3,0
PC128,Northwest,Northwest_Wet,GrbW,4/20/16,Spring,Wet,1040,17.2,261.1,9.96,7.77,2.6,860.00,2.9,21616.00,4.3,11575.00,4.1,0.00,0,1,0,0,0,0,0,0,0,59,13.9,0.9
PC129,Lillian Cooper Park,Lillian Cooper Park_Wet,GrbW,4/20/16,Spring,Wet,1051,15.4,124.1,7.49,6.82,5,956.00,3,0.00,2.7,11043.00,4,0.00,0,0,1,0,0,0,0,0,0,47.8,21.3,0
PC130,James Jackson,James Jackson_Wet,GrbW,4/20/16,Spring,Wet,1106,17.3,249.5,12.08,8.03,2.3,2424.00,3.4,7042.00,3.8,19295.00,4.3,0.00,0,1,0,0,0,0,0,0,0,60.1,13.1,1
PC131,Spring Street,Spring Street_Wet,GrbW,4/20/16,Spring,Wet,1125,17.2,152.8,9.1,7.59,2.4,230.00,2.4,28772.00,4.5,3299.00,3.5,0.00,0,0,0,0,0,0,0,0,0,41.8,21.9,0.7
PC132,Kerry Circle,Kerry Circle_Wet,GrbW,4/20/16,Spring,Wet,1141,17.9,283.4,8.85,7.61,2.7,1172.00,3.1,38691.00,4.6,24087.00,4.4,0.00,0,0,0,0,0,0,0,0,0,69.7,8.6,1
PC133,Hortense,Hortense_Wet,GrbW,4/20/16,Spring,Wet,1208,18.3,242.4,9.7,7.57,2.1,307.00,2.5,13187.00,4.1,8171.00,3.9,0.00,0,1,0,0,0,0,0,0,0,77.3,4.1,0.2
PC134,Grove Park,Grove Park_Wet,GrbW,4/20/16,Spring,Wet,1220,17.8,179.6,9.15,7.76,1.7,455.00,2.7,5696.00,3.8,8113.00,3.9,0.00,0,1,1,0,0,0,0,0,0,48.8,11.2,0
PC136,North Ave,North Ave_Wet,GrbW,4/20/16,Spring,Wet,1245,21.4,503,8.84,7.81,1.6,1130.00,3.1,355290.00,5.6,17958.00,4.3,0.00,3,1,1,0,0,0,0,0,0,77,1.2,0
PC137,North Ave CSO,North Ave CSO_Wet,GrbW,4/20/16,Spring,Wet,1303,15,507,7.65,7.55,5.8,11.00,1,0.00,0,561.00,2.7,0.00,0,0,0,0,0,0,0,0,0,93.7,0.3,0
PC138,Lindsay Street,Lindsay Street_Wet,GrbW,4/20/16,Spring,Wet,1316,20,373.7,7.09,6.88,1.2,1415.00,3.2,9536.00,4,14963.00,4.2,0.00,0,1,1,0,0,0,0,0,0,94.5,0,0
PC139,Greensferry,Greensferry_Wet,GrbW,4/20/16,Spring,Wet,1329,18.4,275.2,6.9,7.16,1.6,8333.00,3.9,2709951.00,6.4,101455.00,5,18028.00,4.3,0,0,0,0,0,0,0,0,83.8,0.4,0
PC140,Burbank,Burbank_Wet,GrbW,4/20/16,Spring,Wet,1343,20,172.6,8.36,7.47,2,1895.00,3.3,77534.00,4.9,22679.00,4.4,0.00,0,1,1,0,0,0,0,0,0,68.7,1.4,0
PC142,Northwest,Northwest_Wet,GrbW,5/3/16,Spring,Wet,955,20.4,219.5,7.14,7.46,5.7,800.00,2.9,0.00,2.7,7015.00,3.8,0.00,0,1,1,0.02,0.04,0.5,0.001,0.001,0.007,59,13.9,0.9
PC143,Lillian Cooper Park,Lillian Cooper Park_Wet,GrbW,5/3/16,Spring,Wet,1022,18.4,119.5,5.65,6.94,3.3,1062.00,3,0.00,0,11709.00,4.1,0.00,0,1,0,0.02,0.04,0.5,0.001,0.001,0.007,47.8,21.3,0
PC144,James Jackson,James Jackson_Wet,GrbW,5/3/16,Spring,Wet,1035,20.5,211.4,7.58,7.45,4.6,1406.00,3.1,29066.00,4.5,20957.00,4.3,0.00,0,1,1,0.02,0.04,0.5,0.001,0.001,0.007,60.1,13.1,1
PC145,Spring Street,Spring Street_Wet,GrbW,5/3/16,Spring,Wet,1053,19.8,153.7,7.98,7.49,4.3,1463.00,3.2,119054.00,5.1,25058.00,4.4,0.00,0,0,1,0.02,0.04,0.5,0.001,0.001,0.007,41.8,21.9,0.7
PC146,Kerry Circle,Kerry Circle_Wet,GrbW,5/3/16,Spring,Wet,1108,20.6,224.8,5.97,7.26,5.3,2861.00,3.5,9908.00,4,26318.00,4.4,0.00,0,1,1,0.02,0.04,0.5,0.001,0.001,0.007,69.7,8.6,1
PC147,Hortense,Hortense_Wet,GrbW,5/3/16,Spring,Wet,1125,20.2,215.3,7.08,7.33,3.8,662.00,2.8,24485.00,4.4,10238.00,4,0.00,0,1,1,0.02,0.04,0.5,0.001,0.001,0.007,77.3,4.1,0.2
PC148,Grove Park,Grove Park_Wet,GrbW,5/3/16,Spring,Wet,1137,19.5,182.9,8.45,7.59,3.5,438.00,2.6,6723.00,3.8,6273.00,3.8,0.00,0,1,0,0.02,0.04,0.5,0.001,0.001,0.007,48.8,11.2,0
PC150,North Ave,North Ave_Wet,GrbW,5/3/16,Spring,Wet,1158,20.7,416.2,7.75,7.52,5.1,14829.00,4.2,581913.00,5.8,73651.00,4.9,0.00,3,1,1,0.02,0.04,0.5,0.001,0.001,0.007,77,1.2,0
PC151,North Ave CSO,North Ave CSO_Wet,GrbW,5/3/16,Spring,Wet,1205,18.5,489.4,2.35,7.07,2.4,378.00,2.6,0.00,2.7,5698.00,3.8,0.00,0,NA,NA,0.02,0.04,0.5,0.001,0.001,0.007,93.7,0.3,0
PC152,Lindsay Street,Lindsay Street_Wet,GrbW,5/3/16,Spring,Wet,1218,19.1,359,6.52,6.91,2.9,1689.00,3.2,0.00,2.7,9327.00,4,0.00,0,1,1,0.02,0.04,0.5,0.001,0.001,0.007,94.5,0,0
PC153,Greensferry,Greensferry_Wet,GrbW,5/3/16,Spring,Wet,1230,19.7,269.7,5.92,7.07,3.4,17041.00,4.2,4142208.00,6.6,405859.00,5.6,11606.00,4.1,0,1,0.02,0.04,0.5,0.001,0.001,0.007,83.8,0.4,0
PC154,Burbank,Burbank_Wet,GrbW,5/3/16,Spring,Wet,1242,20.1,174.6,6.66,7.23,6,2022.00,3.3,115689.00,5.1,27740.00,4.4,0.00,0,1,0,0.02,0.04,0.5,0.001,0.001,0.007,68.7,1.4,0
PC158,Northwest,Northwest_Wet,GrbW,5/17/16,Spring,Wet,1100,18.2,162.6,7.42,7.57,39.1,12499.00,4.1,10576.00,4,194631.00,5.3,6381.00,3.8,1,0,0.73,0.73,0.73,0.03,0.015,0.01,59,13.9,0.9
PC159,Lillian Cooper Park,Lillian Cooper Park_Wet,GrbW,5/17/16,Spring,Wet,1108,18.5,39.4,7.74,7.14,21.4,6271.00,3.8,0.00,0,88180.00,4.9,0.00,3,1,0,0.74,0.74,0.74,0.031,0.015,0.01,47.8,21.3,0
PC160,James Jackson,James Jackson_Wet,GrbW,5/17/16,Spring,Wet,1121,18.2,156.7,7.57,7.34,32.8,7906.00,3.9,283426.00,5.5,155430.00,5.2,5687.00,3.8,1,0,0.74,0.74,0.74,0.031,0.015,0.01,60.1,13.1,1
PC161,Spring Street,Spring Street_Wet,GrbW,5/17/16,Spring,Wet,1136,17.8,93.8,8.07,7.37,46.2,7726.00,3.9,244667.00,5.4,155988.00,5.2,16051.00,4.2,1,0,0.74,0.74,0.74,0.031,0.015,0.01,41.8,21.9,0.7
PC162,Kerry Circle,Kerry Circle_Wet,GrbW,5/17/16,Spring,Wet,1152,18.8,110.5,7.36,7.29,23.9,8623.00,3.9,137452.00,5.1,97275.00,5,0.00,3,1,0,0.74,0.74,0.74,0.031,0.015,0.01,69.7,8.6,1
PC163,Hortense,Hortense_Wet,GrbW,5/17/16,Spring,Wet,1211,19.3,102.3,7.89,7.23,24.9,19330.00,4.3,1497842.00,6.2,504035.00,5.7,36189.00,4.6,1,0,0.74,0.74,0.74,0.031,0.015,0.01,77.3,4.1,0.2
PC164,Grove Park,Grove Park_Wet,GrbW,5/17/16,Spring,Wet,1222,18.2,94.5,8.21,7.24,19.9,14140.00,4.2,156320.00,5.2,188070.00,5.3,7558.00,3.9,1,0,0.74,0.74,0.74,0.031,0.015,0.01,48.8,11.2,0
PC166,North Ave,North Ave_Wet,GrbW,5/17/16,Spring,Wet,1239,19.8,93.3,8.05,7.23,23.7,15452.00,4.2,1874661.00,6.3,224752.00,5.4,11971.00,4.1,1,0,0.74,0.74,0.74,0.031,0.015,0.01,77,1.2,0
PC167,Lindsay Street,Lindsay Street_Wet,GrbW,5/17/16,Spring,Wet,1300,19.6,176.4,5.39,6.56,4,8031.00,3.9,66972.00,4.8,81248.00,4.9,0.00,0,1,1,0.74,0.74,0.74,0.031,0.015,0.01,94.5,0,0
PC168,Greensferry,Greensferry_Wet,GrbW,5/17/16,Spring,Wet,1323,20,132.1,7.07,7,8.2,31530.00,4.5,2445124.00,6.4,201696.00,5.3,21646.00,4.3,1,0,0.74,0.74,0.74,0.031,0.015,0.01,83.8,0.4,0
PC169,Burbank,Burbank_Wet,GrbW,5/17/16,Spring,Wet,1312,19.3,84.6,6.62,7.09,24.5,11478.00,4.1,1353396.00,6.1,171579.00,5.2,14874.00,4.2,1,1,0.74,0.74,0.74,0.031,0.015,0.01,68.7,1.4,0
PC170,North Ave CSO,North Ave CSO_Wet,GrbW,5/17/16,Spring,Wet,1248,19.9,109.8,6.65,7.21,15.9,7166.00,3.9,0.00,2.7,106461.00,5,0.00,0,1,0,0.74,0.74,0.74,0.031,0.015,0.01,93.7,0.3,0
PC172,Northwest,Northwest_Wet,GrbW,6/1/16,Spring,Wet,1010,23,262.1,7,7.63,2.6,538.00,2.7,0.00,2.7,10538.00,4,0.00,0,1,0,0,0,0,0,0,0,59,13.9,0.9
PC173,Lillian Cooper Park,Lillian Cooper Park_Wet,GrbW,6/1/16,Spring,Wet,1023,19.8,133.6,5.38,6.88,8.2,3867.00,3.6,0.00,0,12544.00,4.1,0.00,0,0,1,0,0,0,0,0,0,47.8,21.3,0
PC174,James Jackson,James Jackson_Wet,GrbW,6/1/16,Spring,Wet,1042,22.7,247.7,7.36,7.54,2.9,892.00,3,0.00,2.7,15399.00,4.2,0.00,0,1,0,0,0,0,0,0,0,60.1,13.1,1
PC175,Spring Street,Spring Street_Wet,GrbW,6/1/16,Spring,Wet,1054,21.9,167.9,8.01,7.52,2.4,639.00,2.8,0.00,2.7,5064.00,3.7,0.00,0,1,0,0,0,0,0,0,0,41.8,21.9,0.7
PC176,Kerry Circle,Kerry Circle_Wet,GrbW,6/1/16,Spring,Wet,1112,23.7,259,6.12,7.37,3.3,28311.00,4.5,128571.00,5.1,131874.00,5.1,0.00,0,1,0,0,0,0,0,0,0,69.7,8.6,1
PC177,Hortense,Hortense_Wet,GrbW,6/1/16,Spring,Wet,1130,23.2,298.7,7.33,7.44,2.3,610.00,2.8,0.00,2.7,4695.00,3.7,0.00,0,1,0,0,0,0,0,0,0,77.3,4.1,0.2
PC178,Grove Park,Grove Park_Wet,GrbW,6/1/16,Spring,Wet,1139,22.9,194.1,8.3,8.06,2,643.00,2.8,0.00,2.7,0.00,2.7,0.00,0,1,1,0,0,0,0,0,0,48.8,11.2,0
PC180,North Ave,North Ave_Wet,GrbW,6/1/16,Spring,Wet,1153,23.5,254.9,8.71,7.82,3.1,6005.00,3.8,81951.00,4.9,35832.00,4.6,0.00,0,1,0,0,0,0,0,0,0,77,1.2,0
PC181,North Ave CSO,North Ave CSO_Wet,GrbW,6/1/16,Spring,Wet,1203,19.6,540,2.45,7.41,5.6,223.00,2.3,0.00,2.7,4432.00,3.6,0.00,0,0,0,0,0,0,0,0,0,93.7,0.3,0
PC182,Lindsay Street,Lindsay Street_Wet,GrbW,6/1/16,Spring,Wet,1217,20.8,362,6.88,7.08,0.7,1808.00,3.3,41842.00,4.6,7322.00,3.9,0.00,0,0,0,0,0,0,0,0,0,94.5,0,0
PC183,Greensferry,Greensferry_Wet,GrbW,6/1/16,Spring,Wet,1228,20.5,289.1,6.86,7.29,0.8,19056.00,4.3,966412.00,6,150953.00,5.2,20564.00,4.3,0,0,0,0,0,0,0,0,83.8,0.4,0
PC184,Burbank,Burbank_Wet,GrbW,6/1/16,Spring,Wet,1240,23.5,176.1,7.35,7.51,5,9753.00,4,194133.00,5.3,28956.00,4.5,0.00,0,1,0,0,0,0,0,0,0,68.7,1.4,0
PC186,Northwest,Northwest_Wet,GrbW,6/14/16,Spring,Wet,1010,25.2,285.5,6.79,7.55,3,311.00,2.5,0.00,2.7,0.00,2.7,0.00,0,1,0,0,0,0,0,0,0,59,13.9,0.9
PC187,Lillian Cooper Park,Lillian Cooper Park_Wet,GrbW,6/14/16,Spring,Wet,1021,20,167.9,1.16,5.97,4.6,7487.00,3.9,0.00,0,34311.00,4.5,0.00,0,1,0,0,0,0,0,0,0,47.8,21.3,0
PC188,James Jackson,James Jackson_Wet,GrbW,6/14/16,Spring,Wet,1036,25.1,275.4,7.37,7.48,2.6,176.00,2.2,0.00,2.7,0.00,2.7,0.00,0,1,1,0,0,0,0,0,0,60.1,13.1,1
PC189,Spring Street,Spring Street_Wet,GrbW,6/14/16,Spring,Wet,1050,24,175.7,7.55,7.44,3.1,396.00,2.6,0.00,0,13572.00,4.1,0.00,0,1,1,0,0,0,0,0,0,41.8,21.9,0.7
PC190,Kerry Circle,Kerry Circle_Wet,GrbW,6/14/16,Spring,Wet,1104,25.8,307.2,6.17,7.34,3.1,2777.00,3.4,8496.00,3.9,18445.00,4.3,0.00,0,1,0,0,0,0,0,0,0,69.7,8.6,1
PC191,Hortense,Hortense_Wet,GrbW,6/14/16,Spring,Wet,1119,24.9,259.3,7.19,7.95,3.1,369.00,2.6,0.00,2.7,0.00,2.7,0.00,3,1,0,0,0,0,0,0,0,77.3,4.1,0.2
PC192,Grove Park,Grove Park_Wet,GrbW,6/14/16,Spring,Wet,1127,24.3,212.3,7.64,7.79,2.3,326.00,2.5,20789.00,4.3,12444.00,4.1,0.00,0,1,1,0,0,0,0,0,0,48.8,11.2,0
PC194,North Ave,North Ave_Wet,GrbW,6/14/16,Spring,Wet,1147,24.3,404.7,9.07,8.08,3.3,2232.00,3.3,33178.00,4.5,10664.00,4,0.00,0,1,1,0,0,0,0,0,0,77,1.2,0
PC195,North Ave CSO,North Ave CSO_Wet,GrbW,6/14/16,Spring,Wet,1154,21.3,572,1.2,7.25,2.1,204.00,2.3,0.00,2.7,0.00,2.7,0.00,0,0,0,0,0,0,0,0,0,93.7,0.3,0
PC196,Lindsay Street,Lindsay Street_Wet,GrbW,6/14/16,Spring,Wet,1204,21.8,311.3,6.4,7,1.7,1493.00,3.2,14173.00,4.2,28816.00,4.5,0.00,3,1,1,0,0,0,0,0,0,94.5,0,0
PC197,Greensferry,Greensferry_Wet,GrbW,6/14/16,Spring,Wet,1216,21.3,298.7,6.81,7.14,1.4,1955.00,3.3,16728.00,4.2,6871.00,3.8,0.00,0,0,0,0,0,0,0,0,0,83.8,0.4,0
PC198,Burbank,Burbank_Wet,GrbW,6/14/16,Spring,Wet,1226,24.6,173.2,7.57,7.95,3.5,1241.00,3.1,14541.00,4.2,5614.00,3.7,0.00,3,1,1,0,0,0,0,0,0,68.7,1.4,0
PC205,Northwest,Northwest_Dry,GrbW,6/28/16,Summer,Dry,1011,25.3,245.2,6.25,7.62,2.67,1019.00,3,0.00,2.7,5233.00,3.7,0.00,0,1,1,0.06,0.15,0.15,0.003,0.003,0.002,59,13.9,0.9
PC206,Lillian Cooper Park,Lillian Cooper Park_Dry,GrbW,6/28/16,Summer,Dry,1026,21.3,169.3,1.51,6.27,7.22,2006.00,3.3,0.00,2.7,9078.00,4,0.00,0,0,0,0.06,0.15,0.15,0.003,0.003,0.002,47.8,21.3,0
PC207,James Jackson,James Jackson_Dry,GrbW,6/28/16,Summer,Dry,1040,25.2,253.9,6.66,7.44,2.81,193.00,2.3,0.00,2.7,5010.00,3.7,0.00,0,1,0,0.06,0.15,0.15,0.003,0.003,0.002,60.1,13.1,1
PC208,Spring Street,Spring Street_Dry,GrbW,6/28/16,Summer,Dry,1056,23.9,168.9,7.09,7.38,2.9,372.00,2.6,0.00,2.7,2212.00,3.3,0.00,0,1,0,0.06,0.15,0.15,0.003,0.003,0.002,41.8,21.9,0.7
PC209,Kerry Circle,Kerry Circle_Dry,GrbW,6/28/16,Summer,Dry,1109,25.8,236.6,5.08,7.23,4.13,534.00,2.7,0.00,2.7,20931.00,4.3,0.00,0,1,1,0.06,0.15,0.15,0.003,0.003,0.002,69.7,8.6,1
PC210,Hortense,Hortense_Dry,GrbW,6/28/16,Summer,Dry,1125,25.3,248.7,7.08,7.41,2.61,771.00,2.9,0.00,2.7,12500.00,4.1,0.00,0,0,1,0.06,0.15,0.15,0.003,0.003,0.002,77.3,4.1,0.2
PC211,Grove Park,Grove Park_Dry,GrbW,6/28/16,Summer,Dry,1135,25,203,7.81,7.86,2.17,986.00,3,0.00,2.7,12185.00,4.1,0.00,0,1,0,0.06,0.15,0.15,0.003,0.003,0.002,48.8,11.2,0
PC212,North Ave,North Ave_Dry,GrbW,6/28/16,Summer,Dry,1145,24.9,536,8.43,7.68,1.41,1648.00,3.2,4697.00,3.7,3861.00,3.6,0.00,0,1,0,0.06,0.15,0.15,0.003,0.003,0.002,77,1.2,0
PC213,North Ave CSO,North Ave CSO_Dry,GrbW,6/28/16,Summer,Dry,1155,22.5,568,2.28,7.28,2.49,103.00,2,0.00,2.7,0.00,2.7,0.00,0,0,0,0.06,0.15,0.15,0.003,0.003,0.002,93.7,0.3,0
PC214,Lindsay Street,Lindsay Street_Dry,GrbW,6/28/16,Summer,Dry,1206,22.2,356.7,6.09,6.92,0.98,1192.00,3.1,1434.00,3.2,0.00,2.7,0.00,0,0,1,0.06,0.15,0.15,0.003,0.003,0.002,94.5,0,0
PC215,Greensferry,Greensferry_Dry,GrbW,6/28/16,Summer,Dry,1221,22.1,312.3,6,7.07,1.09,9561.00,4,147727.00,5.2,14300.00,4.2,0.00,0,0,0,0.06,0.15,0.15,0.003,0.003,0.002,83.8,0.4,0
PC216,Burbank,Burbank_Dry,GrbW,6/28/16,Summer,Dry,1230,24.8,171.2,7.52,7.57,1.52,928.00,3,2486.00,3.4,8294.00,3.9,0.00,0,0,0,0.06,0.15,0.15,0.003,0.003,0.002,68.7,1.4,0
PC218,Northwest,Northwest_Dry,GrbW,7/12/16,Summer,Dry,1050,24.9,331.4,7.25,7.94,2.76,1283.00,3.1,0.00,2.7,5701.00,3.8,0.00,0,1,0,0.06,0.06,0.06,0.003,0.001,0.001,59,13.9,0.9
PC219,Lillian Cooper Park,Lillian Cooper Park_Dry,GrbW,7/12/16,Summer,Dry,1106,21.6,186.2,0.97,6.18,6.83,707.00,2.8,0.00,2.7,13585541.00,7.1,0.00,0,0,1,0.06,0.06,0.06,0.003,0.001,0.001,47.8,21.3,0
PC220,James Jackson,James Jackson_Dry,GrbW,7/12/16,Summer,Dry,1120,24.9,336.9,7.85,7.82,2.55,127.00,2.1,0.00,2.7,4157.00,3.6,0.00,0,1,1,0.06,0.06,0.06,0.003,0.001,0.001,60.1,13.1,1
PC221,Spring Street,Spring Street_Dry,GrbW,7/12/16,Summer,Dry,1137,24.1,185.1,7.3,7.53,3,124.00,2.1,0.00,2.7,1723.00,3.2,0.00,0,1,1,0.06,0.06,0.06,0.003,0.001,0.001,41.8,21.9,0.7
PC222,Kerry Circle,Kerry Circle_Dry,GrbW,7/12/16,Summer,Dry,1150,25.2,365.5,6.55,7.5,3.28,3627.00,3.6,10252.00,4,45838.00,4.7,0.00,0,1,0,0.06,0.06,0.06,0.003,0.001,0.001,69.7,8.6,1
PC223,Hortense,Hortense_Dry,GrbW,7/12/16,Summer,Dry,1207,25.4,277.6,7.24,7.57,3.07,200.00,2.3,0.00,2.7,2290.00,3.4,0.00,0,1,0,0.06,0.06,0.06,0.003,0.001,0.001,77.3,4.1,0.2
PC224,Grove Park,Grove Park_Dry,GrbW,7/12/16,Summer,Dry,1215,25.2,220.2,7.23,7.85,3.14,313.00,2.5,0.00,2.7,6290.00,3.8,0.00,3,1,0,0.06,0.06,0.06,0.003,0.001,0.001,48.8,11.2,0
PC225,North Ave,North Ave_Dry,GrbW,7/12/16,Summer,Dry,1223,25.4,275.8,7.99,7.88,2.22,1358.00,3.1,29683.00,4.5,10452.00,4,0.00,0,1,1,0.06,0.06,0.06,0.003,0.001,0.001,77,1.2,0
PC226,North Ave CSO,North Ave CSO_Dry,GrbW,7/12/16,Summer,Dry,1231,22.7,624,3.97,7.44,1.75,82.00,1.9,0.00,2.7,1692.00,3.2,0.00,0,1,0,0.06,0.06,0.06,0.003,0.001,0.001,93.7,0.3,0
PC227,Lindsay Street,Lindsay Street_Dry,GrbW,7/12/16,Summer,Dry,1242,22.7,376.3,6.47,7.12,5.72,963.00,3,4362.00,3.6,22089.00,4.3,0.00,3,0,1,0.06,0.06,0.06,0.003,0.001,0.001,94.5,0,0
PC228,Greensferry,Greensferry_Dry,GrbW,7/12/16,Summer,Dry,1254,23,305.3,6.26,7.19,1.03,5129.00,3.7,195724.00,5.3,62013.00,4.8,0.00,3,0,1,0.06,0.06,0.06,0.003,0.001,0.001,83.8,0.4,0
PC229,Burbank,Burbank_Dry,GrbW,7/12/16,Summer,Dry,1304,25.1,188.1,7.53,7.6,3.43,760.00,2.9,26079.00,4.4,13875.00,4.1,0.00,0,0,1,0.06,0.06,0.06,0.003,0.001,0.001,68.7,1.4,0
PC231,Lindsay Street,Lindsay Street_Dry,GrbW,7/26/16,Summer,Dry,1032,22.2,331.5,6.5,6.97,0.55,310.00,2.5,0.00,2.7,1881.00,3.3,0.00,0,0,0,0,0,0,0,0,0,94.5,0,0
PC232,Burbank,Burbank_Dry,GrbW,7/26/16,Summer,Dry,1012,24.6,174.4,6.63,7.45,3.25,1821.00,3.3,30474.00,4.5,8472.00,3.9,0.00,0,1,0,0,0,0,0,0,0,68.7,1.4,0
PC233,Grove Park,Grove Park_Dry,GrbW,7/26/16,Summer,Dry,1116,25.4,215.5,7.47,7.85,2.22,174.00,2.2,0.00,2.7,3271.00,3.5,0.00,0,1,0,0,0,0,0,0,0,48.8,11.2,0
PC234,Spring Street,Spring Street_Dry,GrbW,7/26/16,Summer,Dry,1213,26,172,7.27,7.53,2.19,425.00,2.6,0.00,2.7,2056.00,3.3,0.00,0,1,0,0,0,0,0,0,0,41.8,21.9,0.7
PC237,Greensferry,Greensferry_Dry,GrbW,7/26/16,Summer,Dry,1022,23.7,290.4,6.26,7.16,0.74,6545.00,3.8,293122.00,5.5,120205.00,5.1,0.00,3,0,1,0,0,0,0,0,0,83.8,0.4,0
PC238,North Ave,North Ave_Dry,GrbW,7/26/16,Summer,Dry,1046,24.6,413.6,7.23,7.55,2.17,1885.00,3.3,25152.00,4.4,58025.00,4.8,0.00,0,1,1,0,0,0,0,0,0,77,1.2,0
PC239,North Ave CSO,North Ave CSO_Dry,GrbW,7/26/16,Summer,Dry,1055,23.3,600,1.17,7,1.59,871.00,2.9,0.00,2.7,7334.00,3.9,0.00,0,0,0,0,0,0,0,0,0,93.7,0.3,0
PC241,Hortense,Hortense_Dry,GrbW,7/26/16,Summer,Dry,1122,26.1,330.4,6.33,7.43,3.62,270.00,2.4,0.00,2.7,5603.00,3.7,0.00,0,0,0,0,0,0,0,0,0,77.3,4.1,0.2
PC242,Kerry Circle,Kerry Circle_Dry,GrbW,7/26/16,Summer,Dry,1155,26.8,309.1,5.81,7.4,3.45,1024.00,3,2329.00,3.4,5262.00,3.7,0.00,0,1,0,0,0,0,0,0,0,69.7,8.6,1
PC243,James Jackson,James Jackson_Dry,GrbW,7/26/16,Summer,Dry,1230,27.24,261,8.74,8,2.03,120.00,2.1,0.00,2.7,0.00,2.7,0.00,0,1,0,0,0,0,0,0,0,60.1,13.1,1
PC244,Northwest,Northwest_Dry,GrbW,7/26/16,Summer,Dry,1030,26.14,298,7.07,7.67,1.89,100.00,2,0.00,2.7,1141.00,3.1,0.00,0,0,0,0,0,0,0,0,0,59,13.9,0.9
PC246,Northwest,Northwest_Dry,GrbW,8/9/16,Summer,Dry,1059,26,163.1,6.63,7.49,23,755.00,2.9,0.00,2.7,1430.00,3.2,0.00,0,1,0,0.07,0.35,0.35,0.003,0.007,0.005,59,13.9,0.9
PC248,James Jackson,James Jackson_Dry,GrbW,8/9/16,Summer,Dry,1128,25.9,182.8,6.66,7.55,23.6,1159.00,3.1,0.00,2.7,5030.00,3.7,0.00,0,1,0,0.07,0.35,0.35,0.003,0.007,0.005,60.1,13.1,1
PC249,Spring Street,Spring Street_Dry,GrbW,8/9/16,Summer,Dry,1136,25.1,131.1,7.14,7.37,3.44,305.00,2.5,0.00,2.7,0.00,2.7,0.00,0,1,0,0.07,0.35,0.35,0.003,0.007,0.005,41.8,21.9,0.7
PC250,Kerry Circle,Kerry Circle_Dry,GrbW,8/9/16,Summer,Dry,1157,26,187.9,6.39,7.38,45,4411.00,3.6,5557.00,3.7,33964.00,4.5,0.00,0,1,0,0.07,0.35,0.35,0.003,0.007,0.005,69.7,8.6,1
PC251,Hortense,Hortense_Dry,GrbW,8/9/16,Summer,Dry,1216,25.5,177.7,6.68,7.4,19.2,3388.00,3.5,39955.00,4.6,20577.00,4.3,0.00,0,1,0,0.07,0.35,0.35,0.003,0.007,0.005,77.3,4.1,0.2
PC252,Grove Park,Grove Park_Dry,GrbW,8/9/16,Summer,Dry,1225,25.3,162.1,7.04,7.58,3.53,734.00,2.9,0.00,2.7,2303.00,3.4,0.00,0,1,1,0.07,0.35,0.35,0.003,0.007,0.005,48.8,11.2,0
PC253,North Ave,North Ave_Dry,GrbW,8/9/16,Summer,Dry,1238,25.5,195.5,7.4,7.46,10.9,8357.00,3.9,336459.00,5.5,57518.00,4.8,23159.00,4.4,1,0,0.07,0.35,0.35,0.003,0.007,0.005,77,1.2,0
PC254,North Ave CSO,North Ave CSO_Dry,GrbW,8/9/16,Summer,Dry,1246,24.9,161.4,6.07,7.26,14.4,3814.00,3.6,0.00,2.7,38561.00,4.6,0.00,0,1,1,0.07,0.35,0.35,0.003,0.007,0.005,93.7,0.3,0
PC255,Lindsay Street,Lindsay Street_Dry,GrbW,8/9/16,Summer,Dry,1259,22.8,296.5,5.78,6.81,1.04,599.00,2.8,0.00,2.7,2487.00,3.4,0.00,0,0,1,0.07,0.35,0.35,0.003,0.007,0.005,94.5,0,0
PC256,Greensferry,Greensferry_Dry,GrbW,8/9/16,Summer,Dry,1312,24.2,275.5,5.77,7.05,6.17,21432.00,4.3,634139.00,5.8,187932.00,5.3,19456.00,4.3,0,1,0.07,0.35,0.35,0.003,0.007,0.005,83.8,0.4,0
PC257,Burbank,Burbank_Dry,GrbW,8/9/16,Summer,Dry,1325,24.9,160.2,6.44,7.33,16.4,2785.00,3.4,39070.00,4.6,9765.00,4,0.00,0,1,1,0.07,0.35,0.35,0.003,0.007,0.005,68.7,1.4,0
PC259,Northwest,Northwest_Dry,GrbW,8/30/16,Summer,Dry,1112,24.5,281.7,6.95,7.72,2.18,223.00,2.3,0.00,2.7,0.00,2.7,0.00,0,1,1,0,0,0,0,0,0,59,13.9,0.9
PC260,James Jackson,James Jackson_Dry,GrbW,8/30/16,Summer,Dry,1135,24.1,276.1,7.74,7.75,2.37,164.00,2.2,0.00,2.7,0.00,2.7,0.00,0,1,1,0,0,0,0,0,0,60.1,13.1,1
PC261,Spring Street,Spring Street_Dry,GrbW,8/30/16,Summer,Dry,1155,23.9,162.8,7.65,7.62,1.93,157.00,2.2,0.00,2.7,0.00,2.7,0.00,0,0,1,0,0,0,0,0,0,41.8,21.9,0.7
PC262,Kerry Circle,Kerry Circle_Dry,GrbW,8/30/16,Summer,Dry,1213,25.1,301.3,7.01,7.55,2.76,1404.00,3.1,3410.00,3.5,12050.00,4.1,0.00,0,1,1,0,0,0,0,0,0,69.7,8.6,1
PC263,Hortense,Hortense_Dry,GrbW,8/30/16,Summer,Dry,1232,25,277.8,7.6,7.62,3.19,284.00,2.5,0.00,2.7,1382.00,3.1,3132.00,3.5,1,1,0,0,0,0,0,0,77.3,4.1,0.2
PC264,Grove Park,Grove Park_Dry,GrbW,8/30/16,Summer,Dry,1241,24.8,201.9,7.49,8.03,1.5,249.00,2.4,1251.00,3.1,6949.00,3.8,0.00,0,1,0,0,0,0,0,0,0,48.8,11.2,0
PC265,North Ave,North Ave_Dry,GrbW,8/30/16,Summer,Dry,1252,25.1,280,7.57,7.62,4.84,6228.00,3.8,180005.00,5.3,70216.00,4.8,2353.00,3.4,1,0,0,0,0,0,0,0,77,1.2,0
PC266,North Ave CSO,North Ave CSO_Dry,GrbW,8/30/16,Summer,Dry,1301,24.2,224,7.49,7.61,14.2,0.00,2.7,0.00,2.7,0.00,2.7,0.00,0,0,0,0,0,0,0,0,0,93.7,0.3,0
PC267,Lindsay Street,Lindsay Street_Dry,GrbW,8/30/16,Summer,Dry,1313,23,347,6.84,7.08,1.32,1145.00,3.1,296012.00,5.5,399224.00,5.6,0.00,0,0,0,0,0,0,0,0,0,94.5,0,0
PC268,Greensferry,Greensferry_Dry,GrbW,8/30/16,Summer,Dry,1324,23.9,296.7,5.44,7.12,1.22,10187.00,4,121525.00,5.1,251659.00,5.4,0.00,3,0,0,0,0,0,0,0,0,83.8,0.4,0
PC269,Burbank,Burbank_Dry,GrbW,8/30/16,Summer,Dry,1337,24.8,170.4,7.24,7.5,2.74,1291.00,3.1,36460.00,4.6,11688.00,4.1,0.00,0,1,1,0,0,0,0,0,0,68.7,1.4,0
PC271,Northwest,Northwest_Dry,GrbW,9/15/16,Summer,Dry,1100,23,282.9,6.73,7.31,1.89,167.00,2.2,0.00,0,4587.00,3.7,0.00,0,1,0,0,0,0.06,0,0,0.001,59,13.9,0.9
PC272,James Jackson,James Jackson_Dry,GrbW,9/15/16,Summer,Dry,1133,22.6,264.8,6.77,7.45,2.02,155.00,2.2,0.00,0,5871.00,3.8,0.00,0,1,0,0,0,0.06,0,0,0.001,60.1,13.1,1
PC273,Spring Street,Spring Street_Dry,GrbW,9/15/16,Summer,Dry,1147,22.6,159.9,7.42,7.39,1.28,74.00,1.9,0.00,0,3476.00,3.5,0.00,0,1,0,0,0,0.06,0,0,0.001,41.8,21.9,0.7
PC274,Kerry Circle,Kerry Circle_Dry,GrbW,9/15/16,Summer,Dry,1200,24,276.7,6.39,7.32,2.74,663.00,2.8,0.00,0,11377.00,4.1,0.00,0,1,1,0,0,0.06,0,0,0.001,69.7,8.6,1
PC275,Hortense,Hortense_Dry,GrbW,9/15/16,Summer,Dry,1218,23.5,267.7,7.11,7.38,2.02,240.00,2.4,0.00,0,3848.00,3.6,0.00,0,1,0,0,0,0.06,0,0,0.001,77.3,4.1,0.2
PC276,Grove Park,Grove Park_Dry,GrbW,9/15/16,Summer,Dry,1226,23.5,226.7,7.15,7.69,5.23,113.00,2.1,0.00,2.7,8251.00,3.9,0.00,0,1,1,0,0,0.06,0,0,0.001,48.8,11.2,0
PC277,North Ave,North Ave_Dry,GrbW,9/15/16,Summer,Dry,1237,25,254.4,6.76,7.46,1.89,3832.00,3.6,486661.00,5.7,82622.00,4.9,0.00,0,1,0,0,0,0.06,0,0,0.001,77,1.2,0
PC278,North Ave CSO,North Ave CSO_Dry,GrbW,9/15/16,Summer,Dry,1244,23.4,205.2,6.22,7.21,8.88,0.00,0,0.00,0,0.00,2.7,0.00,0,0,0,0,0,0.06,0,0,0.001,93.7,0.3,0
PC279,Lindsay Street,Lindsay Street_Dry,GrbW,9/15/16,Summer,Dry,1256,24.3,320.9,6.55,6.87,2.74,2528.00,3.4,20494.00,4.3,124681.00,5.1,0.00,0,1,1,0,0,0.06,0,0,0.001,94.5,0,0
PC280,Greensferry,Greensferry_Dry,GrbW,9/15/16,Summer,Dry,1307,24.1,290.4,4.73,7.01,1.67,8795.00,3.9,588951.00,5.8,297892.00,5.5,0.00,3,0,0,0,0,0.06,0,0,0.001,83.8,0.4,0
PC281,Burbank,Burbank_Dry,GrbW,9/15/16,Summer,Dry,1317,23.2,179.7,6.57,7.32,1.85,170.00,2.2,14384.00,4.2,78178.00,4.9,0.00,0,0,0,0,0,0.06,0,0,0.001,68.7,1.4,0
PC283,Northwest,Northwest_Dry,GrbW,9/27/16,Fall,Dry,1046,22.7,277.8,6.62,7.75,3.98,442.00,2.6,1493.00,3.2,11023.00,4,0.00,0,1,1,0,0,0,0,0,0,59,13.9,0.9
PC284,James Jackson,James Jackson_Dry,GrbW,9/27/16,Fall,Dry,1058,22.4,271,6.84,7.61,2.5,294.00,2.5,0.00,2.7,7967.00,3.9,0.00,0,1,1,0,0,0,0,0,0,60.1,13.1,1
PC285,Spring Street,Spring Street_Dry,GrbW,9/27/16,Fall,Dry,1115,22.1,158.4,7.46,7.44,1.72,298.00,2.5,0.00,0,9752.00,4,0.00,0,0,1,0,0,0,0,0,0,41.8,21.9,0.7
PC286,Kerry Circle,Kerry Circle_Dry,GrbW,9/27/16,Fall,Dry,1127,23.6,279.5,8.17,7.45,3.74,352.00,2.5,0.00,2.7,8303.00,3.9,0.00,0,1,1,0,0,0,0,0,0,69.7,8.6,1
PC287,Hortense,Hortense_Dry,GrbW,9/27/16,Fall,Dry,1148,23,270.1,6.84,7.52,2.16,236.00,2.4,0.00,0,7574.00,3.9,0.00,0,1,1,0,0,0,0,0,0,77.3,4.1,0.2
PC288,Grove Park,Grove Park_Dry,GrbW,9/27/16,Fall,Dry,1156,22.9,188.1,7.46,7.69,5.38,457.00,2.7,0.00,0,33247.00,4.5,0.00,0,1,0,0,0,0,0,0,0,48.8,11.2,0
PC289,North Ave,North Ave_Dry,GrbW,9/27/16,Fall,Dry,1206,23.9,249.4,7.78,7.6,2.43,6411.00,3.8,337332.00,5.5,328514.00,5.5,0.00,3,0,0,0,0,0,0,0,0,77,1.2,0
PC290,North Ave CSO,North Ave CSO_Dry,GrbW,9/27/16,Fall,Dry,1213,23.5,198.7,6.9,7.5,16.3,0.00,0,0.00,0,0.00,0,0.00,0,0,0,0,0,0,0,0,0,93.7,0.3,0
PC291,Lindsay Street,Lindsay Street_Dry,GrbW,9/27/16,Fall,Dry,1224,23.1,329.6,6.57,7.06,2.66,714.00,2.9,8541.00,3.9,84466.00,4.9,0.00,0,0,1,0,0,0,0,0,0,94.5,0,0
PC292,Greensferry,Greensferry_Dry,GrbW,9/27/16,Fall,Dry,1234,23.9,258.8,4.71,7.04,5.29,17783.00,4.3,1311163.00,6.1,806624.00,5.9,0.00,0,0,0,0,0,0,0,0,0,83.8,0.4,0
PC293,Burbank,Burbank_Dry,GrbW,9/27/16,Fall,Dry,1245,22.7,179.7,6.93,7.49,2.32,451.00,2.7,3332.00,3.5,66306.00,4.8,0.00,0,0,1,0,0,0,0,0,0,68.7,1.4,0
PC295,Lindsay Street,Lindsay Street_Dry,GrbW,10/18/16,Fall,Dry,1020,19.4,347.5,6.27,7.04,3.36,41060.00,4.6,266166.00,5.4,108128.00,5,0.00,0,1,1,0,0,0.03,0,0,0,94.5,0,0
PC296,Grove Park,Grove Park_Dry,GrbW,10/18/16,Fall,Dry,1106,18.4,187,8.2,7.64,4.68,148.00,2.2,0.00,0,2062.00,3.3,0.00,0,1,0,0,0,0.03,0,0,0,48.8,11.2,0
PC297,Spring Street,Spring Street_Dry,GrbW,10/18/16,Fall,Dry,1154,17.9,142.2,7.9,7.51,1.03,113.00,2.1,0.00,0,1149.00,3.1,0.00,0,1,1,0,0,0.03,0,0,0,41.8,21.9,0.7
PC300,Greensferry,Greensferry_Dry,GrbW,10/18/16,Fall,Dry,1009,21.5,247.5,5.74,7.03,1.41,2674.00,3.4,260510.00,5.4,46533.00,4.7,0.00,3,0,0,0,0,0.03,0,0,0,83.8,0.4,0
PC301,North Ave,North Ave_Dry,GrbW,10/18/16,Fall,Dry,1043,19.9,224.6,7.97,7.46,1.77,18825.00,4.3,112090.00,5,96110.00,5,0.00,0,1,0,0,0,0.03,0,0,0,77,1.2,0
PC302,North Ave CSO,North Ave CSO_Dry,GrbW,10/18/16,Fall,Dry,1053,17.8,530,5.9,7.51,1.39,49.00,1.7,0.00,0,0.00,2.7,0.00,0,1,0,0,0,0.03,0,0,0,93.7,0.3,0
PC304,Hortense,Hortense_Dry,GrbW,10/18/16,Fall,Dry,1115,18.3,233.5,6.76,7.42,4.37,284.00,2.5,0.00,0,2392.00,3.4,0.00,0,1,0,0,0,0.03,0,0,0,77.3,4.1,0.2
PC305,Kerry Circle,Kerry Circle_Dry,GrbW,10/18/16,Fall,Dry,1140,19.1,299.9,7.71,7.36,2.16,165.00,2.2,0.00,0,3358.00,3.5,0.00,0,1,0,0,0,0.03,0,0,0,69.7,8.6,1
PC306,James Jackson,James Jackson_Dry,GrbW,10/18/16,Fall,Dry,1145,17.68,312,8.45,7.72,2.1,290.00,2.5,0.00,0,6657.00,3.8,0.00,0,0,0,0,0,0.03,0,0,0,60.1,13.1,1
PC307,Northwest,Northwest_Dry,GrbW,10/18/16,Fall,Dry,1015,17.65,315,8.18,7.43,1.48,477.00,2.7,0.00,0,3659.00,3.6,0.00,0,1,0,0,0,0.03,0,0,0,59,13.9,0.9
PC308,Burbank,Burbank_Dry,GrbW,10/18/16,Fall,Dry,950,18.1,169.7,6.44,7.38,2.1,1069.00,3,40652.00,4.6,32838.00,4.5,0.00,0,0,1,0,0,0.03,0,0,0,68.7,1.4,0
PC310,Northwest,Northwest_Dry,GrbW,10/25/16,Fall,Dry,1123,13.2,260.9,8.72,7.55,1.41,114.00,2.1,0.00,0,0.00,2.7,0.00,0,0,0,0,0,0,0,0,0,59,13.9,0.9
PC311,James Jackson,James Jackson_Dry,GrbW,10/25/16,Fall,Dry,1146,12.7,240.2,8.41,7.68,1.23,134.00,2.1,0.00,0,1186.00,3.1,0.00,0,1,0,0,0,0,0,0,0,60.1,13.1,1
PC312,Spring Street,Spring Street_Dry,GrbW,10/25/16,Fall,Dry,1200,13.4,132.9,8.57,7.4,0.79,80.00,1.9,0.00,0,0.00,2.7,0.00,0,1,1,0,0,0,0,0,0,41.8,21.9,0.7
PC313,Kerry Circle,Kerry Circle_Dry,GrbW,10/25/16,Fall,Dry,1214,14.7,248.3,9.07,7.63,2.85,125.00,2.1,0.00,0,4106.00,3.6,0.00,0,0,0,0,0,0,0,0,0,69.7,8.6,1
PC314,Hortense,Hortense_Dry,GrbW,10/25/16,Fall,Dry,1232,14,226.7,9.6,7.45,2.22,119.00,2.1,0.00,0,3187.00,3.5,0.00,0,1,0,0,0,0,0,0,0,77.3,4.1,0.2
PC315,Grove Park,Grove Park_Dry,GrbW,10/25/16,Fall,Dry,1240,14.9,190.5,7.28,7.47,4.3,129.00,2.1,63820.00,4.8,8088.00,3.9,0.00,0,0,1,0,0,0,0,0,0,48.8,11.2,0
PC316,North Ave,North Ave_Dry,GrbW,10/25/16,Fall,Dry,1252,18.2,220.9,8.59,7.61,1.36,1318.00,3.1,262378.00,5.4,68130.00,4.8,3982.00,3.6,1,0,0,0,0,0,0,0,77,1.2,0
PC317,North Ave CSO,North Ave CSO_Dry,GrbW,10/25/16,Fall,Dry,1302,13.6,520,6.96,7.69,1.74,286.00,2.5,0.00,0,10224.00,4,0.00,0,0,0,0,0,0,0,0,0,93.7,0.3,0
PC318,Lindsay Street,Lindsay Street_Dry,GrbW,10/25/16,Fall,Dry,1313,18.4,323.4,6.2,6.89,1.03,1562.00,3.2,40445.00,4.6,38034.00,4.6,0.00,0,0,1,0,0,0,0,0,0,94.5,0,0
PC319,Greensferry,Greensferry_Dry,GrbW,10/25/16,Fall,Dry,1323,20.5,253.9,5,7.06,1.76,6365.00,3.8,1056855.00,6,390243.00,5.6,6801.00,3.8,0,0,0,0,0,0,0,0,83.8,0.4,0
PC320,Burbank,Burbank_Dry,GrbW,10/25/16,Fall,Dry,1335,15.1,161.7,7.86,7.37,1.94,1183.00,3.1,11600.00,4.1,239801.00,5.4,0.00,0,0,1,0,0,0,0,0,0,68.7,1.4,0
PC322,Northwest,Northwest_Dry,GrbW,11/7/16,Fall,Dry,1137,12.8,247.7,9.09,7.55,1.75,128.00,2.1,0.00,0,6031.00,3.8,0.00,0,1,0,0,0,0,0,0,0,59,13.9,0.9
PC323,James Jackson,James Jackson_Dry,GrbW,11/7/16,Fall,Dry,1153,12.4,245.2,8.93,7.48,1.38,222.00,2.3,0.00,2.7,13310.00,4.1,0.00,0,0,1,0,0,0,0,0,0,60.1,13.1,1
PC324,Spring Street,Spring Street_Dry,GrbW,11/7/16,Fall,Dry,1206,13.4,143.7,8.78,7.29,1.29,1212.00,3.1,12847.00,4.1,21429.00,4.3,0.00,0,1,1,0,0,0,0,0,0,41.8,21.9,0.7
PC325,Kerry Circle,Kerry Circle_Dry,GrbW,11/7/16,Fall,Dry,1219,14.3,250,10.92,7.64,2.43,297.00,2.5,0.00,0,8373.00,3.9,0.00,0,1,0,0,0,0,0,0,0,69.7,8.6,1
PC326,Hortense,Hortense_Dry,GrbW,11/7/16,Fall,Dry,1249,14.1,226.6,8.22,7.41,2.89,166.00,2.2,4981.00,3.7,7768.00,3.9,0.00,0,1,0,0,0,0,0,0,0,77.3,4.1,0.2
PC327,Grove Park,Grove Park_Dry,GrbW,11/7/16,Fall,Dry,1257,14.6,174.8,8.26,7.54,3.02,57.00,1.8,0.00,2.7,8111.00,3.9,0.00,0,1,0,0,0,0,0,0,0,48.8,11.2,0
PC328,North Ave,North Ave_Dry,GrbW,11/7/16,Fall,Dry,1307,18,225.1,9.36,7.65,1.47,678.00,2.8,55361.00,4.7,28608.00,4.5,0.00,0,1,0,0,0,0,0,0,0,77,1.2,0
PC329,North Ave CSO,North Ave CSO_Dry,GrbW,11/7/16,Fall,Dry,1316,12.7,475.7,6.72,7.63,1.92,69.00,1.8,0.00,2.7,2133.00,3.3,0.00,0,0,0,0,0,0,0,0,0,93.7,0.3,0
PC330,Lindsay Street,Lindsay Street_Dry,GrbW,11/7/16,Fall,Dry,1327,17.8,222.9,7.03,7.1,2.15,1082.00,3,2154.00,3.3,17868.00,4.3,0.00,0,1,1,0,0,0,0,0,0,94.5,0,0
PC331,Greensferry,Greensferry_Dry,GrbW,11/7/16,Fall,Dry,1337,19.6,250.2,4.2,6.98,2.7,5087.00,3.7,273820.00,5.4,108661.00,5,2346.00,3.4,0,0,0,0,0,0,0,0,83.8,0.4,0
PC332,Burbank,Burbank_Dry,GrbW,11/7/16,Fall,Dry,1348,14.7,152.9,8.15,7.33,1.83,454.00,2.7,4339.00,3.6,62533.00,4.8,0.00,0,0,1,0,0,0,0,0,0,68.7,1.4,0
PC334,Northwest,Northwest_Dry,GrbW,11/21/16,Fall,Dry,1110,6.5,226.2,11.33,7.75,1.3,24.00,1.4,0.00,0,0.00,2.7,0.00,0,1,0,0,0,0,0,0,0,59,13.9,0.9
PC335,James Jackson,James Jackson_Dry,GrbW,11/21/16,Fall,Dry,1130,6.4,217.4,10.35,7.71,1.47,197.00,2.3,0.00,0,0.00,2.7,0.00,0,1,1,0,0,0,0,0,0,60.1,13.1,1
PC336,Spring Street,Spring Street_Dry,GrbW,11/21/16,Fall,Dry,1143,7.2,114.5,10.65,7.51,1.08,105.00,2,1445.00,3.2,0.00,2.7,0.00,0,0,1,0,0,0,0,0,0,41.8,21.9,0.7
PC337,Kerry Circle,Kerry Circle_Dry,GrbW,11/21/16,Fall,Dry,1156,8.4,238.1,11.47,7.25,1.48,110.00,2,0.00,2.7,0.00,2.7,0.00,0,1,0,0,0,0,0,0,0,69.7,8.6,1
PC338,Hortense,Hortense_Dry,GrbW,11/21/16,Fall,Dry,1221,7.5,200.8,9.81,7.5,1.52,292.00,2.5,1248.00,3.1,1006.00,3,0.00,0,1,0,0,0,0,0,0,0,77.3,4.1,0.2
PC339,Grove Park,Grove Park_Dry,GrbW,11/21/16,Fall,Dry,1228,8.7,152.3,9.88,7.69,2.25,50.00,1.7,0.00,0,0.00,2.7,0.00,0,0,0,0,0,0,0,0,0,48.8,11.2,0
PC340,North Ave,North Ave_Dry,GrbW,11/21/16,Fall,Dry,1238,12.7,206.4,10.25,7.62,1.58,1136.00,3.1,112358.00,5.1,14865.00,4.2,0.00,0,0,1,0,0,0,0,0,0,77,1.2,0
PC341,North Ave CSO,North Ave CSO_Dry,GrbW,11/21/16,Fall,Dry,1246,6.5,437.8,8.72,7.75,1.53,381.00,2.6,0.00,0,2372.00,3.4,0.00,0,0,0,0,0,0,0,0,0,93.7,0.3,0
PC342,Lindsay Street,Lindsay Street_Dry,GrbW,11/21/16,Fall,Dry,1257,12.2,284,5.18,6.87,0.91,15016.00,4.2,4915.00,3.7,45928.00,4.7,0.00,0,0,0,0,0,0,0,0,0,94.5,0,0
PC343,Greensferry,Greensferry_Dry,GrbW,11/21/16,Fall,Dry,1307,16.4,235.2,5.4,7.07,1.63,39475.00,4.6,250740.00,5.4,218871.00,5.3,1674.00,3.2,0,0,0,0,0,0,0,0,83.8,0.4,0
PC344,Burbank,Burbank_Dry,GrbW,11/21/16,Fall,Dry,1318,8.9,137.2,9.83,7.39,1.5,1325.00,3.1,61448.00,4.8,9235.00,4,0.00,0,0,0,0,0,0,0,0,0,68.7,1.4,0
PC346,Northwest,Northwest_Dry,GrbW,12/5/16,Fall,Dry,1202,10.3,97.2,9.64,7.71,12.4,1011.00,3,31839.00,4.5,10167.00,4,0.00,3,1,1,0.23,0.7,0.7,0.01,0.015,0.01,59,13.9,0.9
PC347,James Jackson,James Jackson_Dry,GrbW,12/5/16,Fall,Dry,1220,10.5,93.7,9.68,7.37,11.8,992.00,3,57026.00,4.8,10742.00,4,4717.00,3.7,1,0,0.22,0.7,0.7,0.009,0.015,0.01,60.1,13.1,1
PC348,Spring Street,Spring Street_Dry,GrbW,12/5/16,Fall,Dry,1234,10.2,87.6,9.69,7.22,5.72,1389.00,3.1,19308.00,4.3,17670.00,4.2,2780.00,3.4,0,0,0.22,0.7,0.7,0.009,0.015,0.01,41.8,21.9,0.7
PC349,Kerry Circle,Kerry Circle_Dry,GrbW,12/5/16,Fall,Dry,1248,11,101.2,8.34,7.19,9.48,1400.00,3.1,204544.00,5.3,22431.00,4.4,8188.00,3.9,0,0,0.21,0.7,0.7,0.009,0.015,0.01,69.7,8.6,1
PC350,Hortense,Hortense_Dry,GrbW,12/5/16,Fall,Dry,1306,11.1,77.8,8.8,7.17,10.63,985.00,3,76709.00,4.9,12686.00,4.1,4280.00,3.6,0,0,0.21,0.7,0.7,0.009,0.015,0.01,77.3,4.1,0.2
PC351,Grove Park,Grove Park_Dry,GrbW,12/5/16,Fall,Dry,1314,10.7,94.1,9.95,7.43,3.96,1930.00,3.3,39243.00,4.6,15259.00,4.2,3016.00,3.5,0,1,0.21,0.7,0.7,0.009,0.015,0.01,48.8,11.2,0
PC352,North Ave,North Ave_Dry,GrbW,12/5/16,Fall,Dry,1324,13.9,152.9,8.99,7.38,5.05,2847.00,3.5,392728.00,5.6,56593.00,4.8,24899.00,4.4,0,1,0.22,0.71,0.71,0.009,0.015,0.01,77,1.2,0
PC353,North Ave CSO,North Ave CSO_Dry,GrbW,12/5/16,Fall,Dry,1333,10.3,140.7,8.45,7.28,8.63,1786.00,3.3,0.00,0,18804.00,4.3,13306.00,4.1,1,0,0.22,0.71,0.71,0.009,0.015,0.01,93.7,0.3,0
PC354,Lindsay Street,Lindsay Street_Dry,GrbW,12/5/16,Fall,Dry,1344,13.3,251.3,5.86,6.66,1.79,504.00,2.7,4596.00,3.7,3197.00,3.5,0.00,0,0,0,0.23,0.72,0.72,0.01,0.015,0.01,94.5,0,0
PC355,Greensferry,Greensferry_Dry,GrbW,12/5/16,Fall,Dry,1356,16,218.4,7.39,7.14,6.11,12040.00,4.1,2252353.00,6.4,281941.00,5.5,41829.00,4.6,1,0,0.27,0.77,0.77,0.011,0.016,0.011,83.8,0.4,0
PC356,Burbank,Burbank_Dry,GrbW,12/5/16,Fall,Dry,1408,11.3,89.1,7.7,7.05,13.2,2087.00,3.3,169008.00,5.2,25134.00,4.4,0.00,3,0,0,0.37,0.87,0.87,0.015,0.018,0.012,68.7,1.4,0
PC358,Northwest,Northwest_Dry,GrbW,12/19/16,Fall,Dry,1138,7.2,157.8,11.9,7.54,9.12,572.00,2.8,8200.00,3.9,3972.00,3.6,0.00,3,1,1,0.15,0.32,0.33,0.006,0.007,0.005,59,13.9,0.9
PC359,James Jackson,James Jackson_Dry,GrbW,12/19/16,Fall,Dry,1154,7.2,155.8,11.3,7.57,7.69,560.00,2.7,18205.00,4.3,5526.00,3.7,0.00,0,1,1,0.15,0.32,0.33,0.006,0.007,0.005,60.1,13.1,1
PC360,Spring Street,Spring Street_Dry,GrbW,12/19/16,Fall,Dry,1209,7.2,113.2,11.31,7.41,3.82,791.00,2.9,125824.00,5.1,25166.00,4.4,0.00,3,1,1,0.15,0.32,0.33,0.006,0.007,0.005,41.8,21.9,0.7
PC361,Kerry Circle,Kerry Circle_Dry,GrbW,12/19/16,Fall,Dry,1222,7.8,156.4,10.58,7.44,6.54,1427.00,3.2,73278.00,4.9,52825.00,4.7,0.00,0,1,1,0.15,0.32,0.33,0.006,0.007,0.005,69.7,8.6,1
PC362,Hortense,Hortense_Dry,GrbW,12/19/16,Fall,Dry,1238,7.9,118.7,10.6,7.33,7.17,2219.00,3.3,150922.00,5.2,75902.00,4.9,2452.00,3.4,1,0,0.15,0.32,0.33,0.006,0.007,0.005,77.3,4.1,0.2
PC363,Grove Park,Grove Park_Dry,GrbW,12/19/16,Fall,Dry,1245,7.5,105.3,11.55,7.54,3.07,541.00,2.7,19935.00,4.3,12002.00,4.1,0.00,0,1,1,0.15,0.32,0.33,0.006,0.007,0.005,48.8,11.2,0
PC364,North Ave,North Ave_Dry,GrbW,12/19/16,Fall,Dry,1257,11.2,334.6,10.32,7.49,2.16,1341.00,3.1,160313.00,5.2,51298.00,4.7,0.00,0,0,0,0.15,0.32,0.33,0.006,0.007,0.005,77,1.2,0
PC365,North Ave CSO,North Ave CSO_Dry,GrbW,12/19/16,Fall,Dry,1306,9.7,51522,0.46,6.27,22.9,697.00,2.8,0.00,0,59108.00,4.8,0.00,3,1,0,0.15,0.32,0.33,0.006,0.007,0.005,93.7,0.3,0
PC366,Lindsay Street,Lindsay Street_Dry,GrbW,12/19/16,Fall,Dry,1318,10.9,250.3,6.27,6.8,1.92,718.00,2.9,10066.00,4,15944.00,4.2,0.00,0,1,1,0.15,0.32,0.33,0.006,0.007,0.005,94.5,0,0
PC367,Greensferry,Greensferry_Dry,GrbW,12/19/16,Fall,Dry,1331,14.6,219,8.51,7.22,1.42,23218.00,4.4,357345.00,5.6,613498.00,5.8,0.00,0,0,0,0.15,0.32,0.33,0.006,0.007,0.005,83.8,0.4,0
PC368,Burbank,Burbank_Dry,GrbW,12/19/16,Fall,Dry,1342,8.4,118.1,9.11,7.25,3.16,24543.00,4.4,1498401.00,6.2,492213.00,5.7,0.00,3,0,1,0.14,0.31,0.33,0.006,0.006,0.005,68.7,1.4,0
PC370,Northwest ,Northwest _Wet,GrbW,1/3/17,Winter,Wet,1122,12.5,116,9.45,7.42,57,1433.00,3.2,7717.00,3.9,74640.00,4.9,0.00,3,1,1,1.68,2.25,2.64,0.07,0.047,0.037,59,13.9,0.9
PC371,Lillian Cooper Park,Lillian Cooper Park_Wet,GrbW,1/3/17,Winter,Wet,1136,12,46.3,9.38,6.78,323,549.00,2.7,0.00,0,0.00,2.7,0.00,0,0,1,1.68,2.25,2.64,0.07,0.047,0.037,47.8,21.3,0
PC372,James Jackson,James Jackson_Wet,GrbW,1/3/17,Winter,Wet,1150,12.8,110.3,9.47,7.35,57.2,2766.00,3.4,0.00,2.7,3219.00,3.5,0.00,0,1,1,1.68,2.24,2.64,0.07,0.047,0.037,60.1,13.1,1
PC373,Spring Street,Spring Street_Wet,GrbW,1/3/17,Winter,Wet,1205,12.6,107.7,9.23,7.32,14.4,5489.00,3.7,57190.00,4.8,202517.00,5.3,3465.00,3.5,1,0,1.68,2.24,2.64,0.07,0.047,0.037,41.8,21.9,0.7
PC374,Kerry Circle,Kerry Circle_Wet,GrbW,1/3/17,Winter,Wet,1218,13,118.3,8.75,7.28,28.3,2233.00,3.3,43229.00,4.6,88099.00,4.9,6671.00,3.8,0,0,1.68,2.24,2.64,0.07,0.047,0.037,69.7,8.6,1
PC375,Hortense,Hortense_Wet,GrbW,1/3/17,Winter,Wet,1238,13.4,115.4,9.45,7.35,20.1,2982.00,3.5,121894.00,5.1,98364.00,5,5610.00,3.7,0,1,1.68,2.24,2.64,0.07,0.047,0.037,77.3,4.1,0.2
PC376,Grove Park,Grove Park_Wet,GrbW,1/3/17,Winter,Wet,1246,12.8,124.5,9.73,7.38,8.94,564.00,2.8,86506.00,4.9,16262.00,4.2,0.00,3,0,0,1.68,2.24,2.64,0.07,0.047,0.037,48.8,11.2,0
PC377,North Ave,North Ave_Wet,GrbW,1/3/17,Winter,Wet,1259,14.2,131.3,9.45,7.44,18.5,6715.00,3.8,699398.00,5.8,122908.00,5.1,3323.00,3.5,1,1,1.68,2.24,2.64,0.07,0.047,0.037,77,1.2,0
PC378,North Ave CSO,North Ave CSO_Wet,GrbW,1/3/17,Winter,Wet,1309,12.9,117.6,9.52,7.37,21,0.00,0,0.00,0,0.00,0,0.00,0,0,0,1.67,2.24,2.64,0.07,0.047,0.037,93.7,0.3,0
PC379,Lindsay Street,Lindsay Street_Wet,GrbW,1/3/17,Winter,Wet,1321,15.9,365.6,6.69,6.92,2.38,265.00,2.4,8359.00,3.9,2035.00,3.3,0.00,0,0,0,1.67,2.24,2.63,0.07,0.047,0.037,94.5,0,0
PC380,Greensferry,Greensferry_Wet,GrbW,1/3/17,Winter,Wet,1332,14.4,139.7,9.37,7.27,10.63,7299.00,3.9,368267.00,5.6,38070.00,4.6,0.00,3,0,1,1.67,2.24,2.63,0.07,0.047,0.037,83.8,0.4,0
PC381,Burbank,Burbank_Wet,GrbW,1/3/17,Winter,Wet,1343,13.6,124.3,8.46,7.12,36.8,36540.00,4.6,451426.00,5.7,57459.00,4.8,5766.00,3.8,1,1,1.66,2.24,2.62,0.069,0.047,0.036,68.7,1.4,0
PC383,Lindsay Street,Lindsay Street_Wet,GrbW,1/24/17,Winter,Wet,1104,16.89,427,8.82,7.04,1.59,209.00,2.3,7949.00,3.9,1173.00,3.1,0.00,0,0,1,0,0.65,2.17,0,0.014,0.03,94.5,0,0
PC384,Burbank,Burbank_Wet,GrbW,1/24/17,Winter,Wet,1003,13.37,193,10.04,7.39,4.58,5231.00,3.7,146040.00,5.2,10631.00,4,0.00,0,1,1,0,0.65,2.56,0,0.014,0.036,68.7,1.4,0
PC385,Grove Park,Grove Park_Wet,GrbW,1/24/17,Winter,Wet,1213,9.63,213,10.99,7.08,3.04,1111.00,3,2158.00,3.3,2552.00,3.4,0.00,0,1,0,0,0.65,1.49,0,0.014,0.021,48.8,11.2,0
PC386,Spring Street,Spring Street_Wet,GrbW,1/24/17,Winter,Wet,1310,11.71,195,10.52,7.38,4.57,2219.00,3.3,107325.00,5,26873.00,4.4,3553.00,3.6,1,0,0,0.65,1.08,0,0.014,0.015,41.8,21.9,0.7
PC388,Lillian Cooper Park,Lillian Cooper Park_Wet,GrbW,1/24/17,Winter,Wet,1140,11.2,128,8.77,7.73,24.6,343.00,2.5,0.00,0,0.00,2.7,0.00,0,1,0,0,0.65,1.88,0,0.014,0.026,47.8,21.3,0
PC390,Greensferry,Greensferry_Wet,GrbW,1/24/17,Winter,Wet,1043,16.78,290,8.71,7.09,4.15,17934.00,4.3,3973843.00,6.6,171159.00,5.2,15836.00,4.2,0,0,0,0.65,2.26,0,0.014,0.031,83.8,0.4,0
PC391,North Ave,North Ave_Wet,GrbW,1/24/17,Winter,Wet,1139,14.9,393,10.13,7.44,16.9,15192.00,4.2,2055054.00,6.3,81114.00,4.9,10277.00,4,1,0,0,0.65,1.8,0,0.014,0.025,77,1.2,0
PC392,North Ave CSO,North Ave CSO_Wet,GrbW,1/24/17,Winter,Wet,1123,13.19,1190,3.36,7.01,2.72,112.00,2.1,2249.00,3.4,1694.00,3.2,0.00,0,0,0,0,0.65,1.88,0,0.014,0.026,93.7,0.3,0
PC394,Hortense,Hortense_Wet,GrbW,1/24/17,Winter,Wet,1225,9.32,251,10.51,6.84,5.35,2356.00,3.4,255925.00,5.4,125900.00,5.1,0.00,0,0,0,0,0.65,1.27,0,0.014,0.018,77.3,4.1,0.2
PC395,Kerry Circle,Kerry Circle_Wet,GrbW,1/24/17,Winter,Wet,1310,13.32,272,9.6,7.53,10.56,5454.00,3.7,1297444.00,6.1,230296.00,5.4,0.00,3,0,0,0,0.65,1.08,0,0.014,0.015,69.7,8.6,1
PC396,James Jackson,James Jackson_Wet,GrbW,1/24/17,Winter,Wet,1215,11.33,227,10.34,7.06,9.97,1035.00,3,224534.00,5.4,55871.00,4.7,0.00,3,1,0,0,0.65,1.49,0,0.014,0.021,60.1,13.1,1
PC397,Northwest,Northwest_Wet,GrbW,1/24/17,Winter,Wet,1040,10.98,232,9.9,7.55,13,1571.00,3.2,243716.00,5.4,111831.00,5,0.00,3,0,0,0,0.65,2.26,0,0.014,0.031,59,13.9,0.9
PC399,Northwest,Northwest_Wet,GrbW,2/9/17,Winter,Wet,1043,11.5,111.6,9.86,7.29,34.2,6489.00,3.8,369027.00,5.6,47455.00,4.7,12396.00,4.1,1,1,0.17,0.84,0.86,0.007,0.018,0.012,59,13.9,0.9
PC400,Lillian Cooper Park,Lillian Cooper Park_Wet,GrbW,2/9/17,Winter,Wet,1056,10.4,57.1,8.55,6.64,11.9,1406.00,3.1,0.00,0,56836.00,4.8,13313.00,4.1,0,0,0.17,0.84,0.86,0.007,0.018,0.012,47.8,21.3,0
PC401,James Jackson,James Jackson_Wet,GrbW,2/9/17,Winter,Wet,1109,11.4,92,9.19,7.19,34.8,6057.00,3.8,104882.00,5,103187.00,5,31537.00,4.5,1,0,0.17,0.84,0.86,0.007,0.018,0.012,60.1,13.1,1
PC402,Spring Street,Spring Street_Wet,GrbW,2/9/17,Winter,Wet,1125,11.2,88.2,9.57,7.31,23.8,2556.00,3.4,26040.00,4.4,51657.00,4.7,12975.00,4.1,1,1,0.17,0.84,0.86,0.007,0.018,0.012,41.8,21.9,0.7
PC403,Kerry Circle,Kerry Circle_Wet,GrbW,2/9/17,Winter,Wet,1139,11.5,134.6,9.11,7.26,35.6,4868.00,3.7,126792.00,5.1,91885.00,5,26562.00,4.4,1,1,0.17,0.84,0.86,0.007,0.018,0.012,69.7,8.6,1
PC407,Hortense,Hortense_Wet,GrbW,2/9/17,Winter,Wet,1218,12.1,93,10.18,7.38,37.3,3656.00,3.6,38781.00,4.6,43348.00,4.6,9283.00,4,1,1,0.17,0.84,0.86,0.007,0.018,0.012,77.3,4.1,0.2
PC408,Grove Park,Grove Park_Wet,GrbW,2/9/17,Winter,Wet,1227,11.1,96.3,10.92,7.53,13.4,1461.00,3.2,4958.00,3.7,19429.00,4.3,7836.00,3.9,1,1,0.17,0.84,0.86,0.007,0.018,0.012,48.8,11.2,0
PC409,North Ave,North Ave_Wet,GrbW,2/9/17,Winter,Wet,1239,14.4,158.1,10.73,7.57,22.2,25555.00,4.4,1399954.00,6.1,593323.00,5.8,14729.00,4.2,1,1,0.17,0.84,0.85,0.007,0.018,0.012,77,1.2,0
PC410,North Ave CSO,North Ave CSO_Wet,GrbW,2/9/17,Winter,Wet,1248,9.6,480.4,9.08,7.13,19.2,3786.00,3.6,2730.00,3.4,125245.00,5.1,8860.00,3.9,1,1,0.17,0.84,0.85,0.007,0.018,0.012,93.7,0.3,0
PC411,Lindsay Street,Lindsay Street_Wet,GrbW,2/9/17,Winter,Wet,1309,14.8,319.5,7.4,6.87,0.84,11164.00,4,1789.00,3.3,82296.00,4.9,0.00,0,1,1,0.17,0.84,0.85,0.007,0.018,0.012,94.5,0,0
PC412,Greensferry,Greensferry_Wet,GrbW,2/9/17,Winter,Wet,1322,14.8,199.5,8.76,7.25,5.23,18456.00,4.3,2598352.00,6.4,739940.00,5.9,0.00,0,1,1,0.17,0.84,0.85,0.007,0.018,0.012,83.8,0.4,0
PC413,Burbank,Burbank_Wet,GrbW,2/9/17,Winter,Wet,1334,12.5,103.4,10.1,7.35,41.6,32550.00,4.5,8668.00,3.9,98127.00,5,0.00,0,1,1,0.17,0.84,0.84,0.007,0.018,0.012,68.7,1.4,0
PC415,Northwest,Northwest_Wet,GrbW,2/22/17,Winter,Wet,1038,14.6,199.3,9.14,7.54,8.26,7787.00,3.9,3518.00,3.5,70195.00,4.8,0.00,0,1,0,0.32,0.32,0.32,0.013,0.007,0.004,59,13.9,0.9
PC416,Lillian Cooper Park,Lillian Cooper Park_Wet,GrbW,2/22/17,Winter,Wet,1052,13.9,81.7,8.08,6.76,6.38,5931.00,3.8,0.00,0,45816.00,4.7,0.00,0,1,0,0.32,0.32,0.32,0.013,0.007,0.004,47.8,21.3,0
PC417,James Jackson,James Jackson_Wet,GrbW,2/22/17,Winter,Wet,1106,14.7,168.9,8.73,7.49,4.98,840.00,2.9,47285.00,4.7,31003.00,4.5,0.00,0,0,1,0.32,0.32,0.32,0.013,0.007,0.004,60.1,13.1,1
PC418,Spring Street,Spring Street_Wet,GrbW,2/22/17,Winter,Wet,1118,14.3,138.6,9.6,7.46,3.13,327.00,2.5,6722.00,3.8,15542.00,4.2,0.00,0,0,1,0.32,0.32,0.32,0.013,0.007,0.004,41.8,21.9,0.7
PC419,Kerry Circle,Kerry Circle_Wet,GrbW,2/22/17,Winter,Wet,1132,15.1,161.9,9.07,7.29,6.72,3507.00,3.5,865125.00,5.9,120184.00,5.1,7943.00,3.9,1,1,0.32,0.32,0.32,0.013,0.007,0.004,69.7,8.6,1
PC420,Hortense,Hortense_Wet,GrbW,2/22/17,Winter,Wet,1155,15.4,138.5,9.62,7.42,5.6,1086.00,3,86850.00,4.9,38781.00,4.6,0.00,0,0,1,0.32,0.32,0.32,0.013,0.007,0.004,77.3,4.1,0.2
PC421,Grove Park,Grove Park_Wet,GrbW,2/22/17,Winter,Wet,1207,13.7,138.4,10.77,7.78,2.29,1345.00,3.1,21048.00,4.3,23873.00,4.4,0.00,0,1,1,0.32,0.32,0.32,0.013,0.007,0.004,48.8,11.2,0
PC422,North Ave,North Ave_Wet,GrbW,2/22/17,Winter,Wet,1218,16.4,153.1,9.77,7.42,3.5,8993.00,4,706507.00,5.8,114189.00,5.1,0.00,3,0,1,0.32,0.32,0.32,0.013,0.007,0.004,77,1.2,0
PC423,North Ave CSO,North Ave CSO_Wet,GrbW,2/22/17,Winter,Wet,1228,14.3,314.5,7.88,7.38,18.4,11199.00,4,1563.00,3.2,117989.00,5.1,0.00,3,1,1,0.32,0.32,0.32,0.013,0.007,0.004,93.7,0.3,0
PC424,Lindsay Street,Lindsay Street_Wet,GrbW,2/22/17,Winter,Wet,1240,17.3,243,7.55,6.53,2.04,3032.00,3.5,134461.00,5.1,48153.00,4.7,0.00,0,0,0,0.32,0.32,0.32,0.013,0.007,0.004,94.5,0,0
PC425,Greensferry,Greensferry_Wet,GrbW,2/22/17,Winter,Wet,1251,16.9,207.1,8.1,7.13,2.55,10013.00,4,544716.00,5.7,115552.00,5.1,1773.00,3.2,0,0,0.32,0.32,0.32,0.013,0.007,0.004,83.8,0.4,0
PC426,Burbank,Burbank_Wet,GrbW,2/22/17,Winter,Wet,1301,15.9,125.1,10.62,7.4,3.85,1559.00,3.2,58391.00,4.8,34049.00,4.5,0.00,3,0,1,0.32,0.32,0.32,0.013,0.007,0.004,68.7,1.4,0
PC428,Northwest,Northwest_Wet,GrbW,3/8/17,Winter,Wet,1030,14.2,114.4,9.65,7.39,14.5,1787.00,3.3,93795.00,5,39593.00,4.6,32674.00,4.5,1,1,0.54,0.54,0.54,0.023,0.011,0.008,59,13.9,0.9
PC429,Lillian Cooper Park,Lillian Cooper Park_Wet,GrbW,3/8/17,Winter,Wet,1045,13.6,72.3,8.44,6.65,12.7,2888.00,3.5,0.00,0,20702.00,4.3,0.00,0,1,0,0.54,0.54,0.54,0.023,0.011,0.008,47.8,21.3,0
PC430,James Jackson,James Jackson_Wet,GrbW,3/8/17,Winter,Wet,1104,14.2,108.8,9.84,7.28,15.5,1949.00,3.3,104956.00,5,34411.00,4.5,33542.00,4.5,1,1,0.54,0.54,0.54,0.023,0.011,0.008,60.1,13.1,1
PC431,Spring Street,Spring Street_Wet,GrbW,3/8/17,Winter,Wet,1119,14.6,107,10.36,7.41,8.62,2745.00,3.4,122846.00,5.1,48169.00,4.7,8351.00,3.9,0,1,0.54,0.54,0.54,0.023,0.011,0.008,41.8,21.9,0.7
PC432,Kerry Circle,Kerry Circle_Wet,GrbW,3/8/17,Winter,Wet,1132,15.1,125.9,8.94,7.39,15.1,2107.00,3.3,193755.00,5.3,44117.00,4.6,25623.00,4.4,1,1,0.54,0.54,0.54,0.023,0.011,0.008,69.7,8.6,1
PC433,Hortense,Hortense_Wet,GrbW,3/8/17,Winter,Wet,1148,15.3,120.4,10.06,7.38,11.8,1212.00,3.1,175381.00,5.2,37353.00,4.6,0.00,3,1,1,0.54,0.54,0.54,0.023,0.011,0.008,77.3,4.1,0.2
PC434,Grove Park,Grove Park_Wet,GrbW,3/8/17,Winter,Wet,1156,14.6,116.4,10.19,7.56,4.73,646.00,2.8,9276.00,4,5660.00,3.8,10638.00,4,1,1,0.54,0.54,0.54,0.023,0.011,0.008,48.8,11.2,0
PC435,North Ave,North Ave_Wet,GrbW,3/8/17,Winter,Wet,1208,17.8,218.3,10.08,7.59,5.57,5192.00,3.7,1880259.00,6.3,122157.00,5.1,9297.00,4,1,1,0.54,0.54,0.54,0.023,0.011,0.008,77,1.2,0
PC436,North Ave CSO,North Ave CSO_Wet,GrbW,3/8/17,Winter,Wet,1218,12.2,1084,6.55,7.26,10.5,4473.00,3.7,3002.00,3.5,52587.00,4.7,12539.00,4.1,1,0,0.54,0.54,0.54,0.023,0.011,0.008,93.7,0.3,0
PC437,Lindsay Street,Lindsay Street_Wet,GrbW,3/8/17,Winter,Wet,1231,18.8,331.6,8.47,6.79,0.95,222.00,2.3,7104.00,3.9,3981.00,3.6,0.00,0,0,0,0.54,0.54,0.54,0.023,0.011,0.008,94.5,0,0
PC438,Greensferry,Greensferry_Wet,GrbW,3/8/17,Winter,Wet,1243,16.6,210,8.63,7.23,5.53,13678.00,4.1,2488179.00,6.4,220447.00,5.3,0.00,0,0,0,0.54,0.54,0.54,0.023,0.011,0.008,83.8,0.4,0
PC439,Burbank,Burbank_Wet,GrbW,3/8/17,Winter,Wet,1256,16.4,118.7,9.7,7.41,8.86,3234.00,3.5,97980.00,5,65215.00,4.8,0.00,0,0,1,0.54,0.54,0.54,0.023,0.011,0.008,68.7,1.4,0
PC441,Northwest,Northwest_Wet,GrbW,3/21/17,Spring,Wet,1104,13.8,212.2,11.87,8.08,1.71,80.00,1.9,0.00,2.7,2271.00,3.4,0.00,0,0,0,0,0,0,0,0,0,59,13.9,0.9
PC443,Lillian Cooper Park,Lillian Cooper Park_Wet,GrbW,3/21/17,Spring,Wet,1127,13.4,104.2,9.04,6.65,1.95,283.00,2.5,0.00,0,4370.00,3.6,0.00,0,0,0,0,0,0,0,0,0,47.8,21.3,0
PC444,James Jackson,James Jackson_Wet,GrbW,3/21/17,Spring,Wet,1142,13.7,208.1,10.81,7.83,1.52,87.00,1.9,0.00,2.7,2603.00,3.4,0.00,0,0,1,0,0,0,0,0,0,60.1,13.1,1
PC445,Spring Street,Spring Street_Wet,GrbW,3/21/17,Spring,Wet,1158,14.5,150.2,14.2,7.59,1.23,99.00,2,4652.00,3.7,3165.00,3.5,0.00,0,0,1,0,0,0,0,0,0,41.8,21.9,0.7
PC446,Kerry Circle,Kerry Circle_Wet,GrbW,3/21/17,Spring,Wet,1212,14.4,228.4,11.5,7.31,1.92,524.00,2.7,6290.00,3.8,5958.00,3.8,0.00,0,0,1,0,0,0,0,0,0,69.7,8.6,1
PC448,Hortense,Hortense_Wet,GrbW,3/21/17,Spring,Wet,1240,16.2,203.7,12.7,8.15,1.05,261.00,2.4,105410.00,5,9518.00,4,0.00,0,0,1,0,0,0,0,0,0,77.3,4.1,0.2
PC449,Grove Park,Grove Park_Wet,GrbW,3/21/17,Spring,Wet,1248,15.5,160.7,10.65,8.29,0.51,117.00,2.1,3867.00,3.6,2621.00,3.4,0.00,0,0,0,0,0,0,0,0,0,48.8,11.2,0
PC450,North Ave,North Ave_Wet,GrbW,3/21/17,Spring,Wet,1301,19.9,220.6,9.7,7.95,0.85,2651.00,3.4,563656.00,5.8,26903.00,4.4,8511.00,3.9,1,1,0,0,0,0,0,0,77,1.2,0
PC451,North Ave CSO,North Ave CSO_Wet,GrbW,3/21/17,Spring,Wet,1309,11.1,537,7.89,7.58,3.18,63.00,1.8,0.00,0,2174.00,3.3,0.00,0,1,0,0,0,0,0,0,0,93.7,0.3,0
PC452,Lindsay Street,Lindsay Street_Wet,GrbW,3/21/17,Spring,Wet,1324,21.6,350,11.94,6.97,0.23,268.00,2.4,0.00,2.7,3146.00,3.5,0.00,0,1,0,0,0,0,0,0,0,94.5,0,0
PC453,Greensferry,Greensferry_Wet,GrbW,3/21/17,Spring,Wet,1335,17.4,240.3,8.85,7.25,0.82,17341.00,4.2,5968540.00,6.8,195905.00,5.3,147344.00,5.2,0,1,0,0,0,0,0,0,83.8,0.4,0
PC454,Burbank,Burbank_Wet,GrbW,3/21/17,Spring,Wet,1348,17.9,156.1,11.66,7.82,1.45,247.00,2.4,28197.00,4.5,5811.00,3.8,0.00,0,0,1,0,0,0,0,0,0,68.7,1.4,0
PC456,James Jackson,James Jackson_Wet,GrbW,3/24/17,Spring,Wet,1305,15.9,190.5,12.4,8.35,1.96,93.00,2,0.00,2.7,0.00,2.7,0.00,0,0,1,0,0,0.25,0,0,0.003,60.1,13.1,1
PC462,James Jackson,James Jackson_Wet,GrbW,3/26/17,Spring,Wet,1730,NA,NA,NA,NA,7.13,4591.00,3.7,19285.00,4.3,18429.00,4.3,0.00,0,1,1,0.3,0.3,0.3,0.013,0.006,0.004,60.1,13.1,1
PC463,James Jackson,James Jackson_Wet,GrbW,3/27/17,Spring,Wet,1256,17.7,152.8,10.4,7.91,3.71,427.00,2.6,1779.00,3.3,5643.00,3.8,0.00,0,1,1,0,0.3,0.3,0,0.006,0.004,60.1,13.1,1
PC464,James Jackson,James Jackson_Wet,GrbW,4/3/17,Spring,Wet,1250,NA,NA,NA,NA,33.9,4295.00,3.6,0.00,2.7,46509.00,4.7,0.00,0,NA,NA,0.45,0.45,0.45,0.019,0.009,0.006,60.1,13.1,1
PC472,Northwest,Northwest_Wet,GrbW,4/4/17,Spring,Wet,1114,17.4,136.4,7.99,7.33,13.6,3743.00,3.6,142523.00,5.2,36315.00,4.6,8124.00,3.9,1,1,0.58,0.63,0.63,0.024,0.013,0.009,59,13.9,0.9
PC473,Lillian Cooper Park,Lillian Cooper Park_Wet,GrbW,4/4/17,Spring,Wet,1127,17.1,86.1,6.69,6.57,15.9,347.00,2.5,0.00,0,6187.00,3.8,17418.00,4.2,1,0,0.58,0.63,0.63,0.024,0.013,0.009,47.8,21.3,0
PC474,James Jackson,James Jackson_Wet,GrbW,4/4/17,Spring,Wet,1155,17.7,132.7,7.35,7.32,14.1,3455.00,3.5,136297.00,5.1,50952.00,4.7,25516.00,4.4,1,1,0.41,0.63,0.63,0.017,0.013,0.009,60.1,13.1,1
PC475,Spring Street,Spring Street_Wet,GrbW,4/4/17,Spring,Wet,1228,18.7,144.1,8.08,7.37,7.87,7131.00,3.9,47763.00,4.7,27165.00,4.4,0.00,3,0,1,0.27,0.63,0.63,0.011,0.013,0.009,41.8,21.9,0.7
PC476,Kerry Circle,Kerry Circle_Wet,GrbW,4/4/17,Spring,Wet,1241,18.9,138.8,6.97,7.13,8.14,2198.00,3.3,49567.00,4.7,31116.00,4.5,17302.00,4.2,1,1,0.23,0.63,0.63,0.01,0.013,0.009,69.7,8.6,1
PC477,Hortense,Hortense_Wet,GrbW,4/4/17,Spring,Wet,1257,19.5,164.5,8.81,7.34,5.67,1479.00,3.2,313663.00,5.5,26433.00,4.4,37878.00,4.6,1,1,0.18,0.63,0.63,0.008,0.013,0.009,77.3,4.1,0.2
PC478,Grove Park,Grove Park_Wet,GrbW,4/4/17,Spring,Wet,1307,19.3,151.6,8.7,7.64,2.5,486.00,2.7,51117.00,4.7,5356.00,3.7,0.00,0,1,0,0.15,0.63,0.63,0.006,0.013,0.009,48.8,11.2,0
PC479,North Ave,North Ave_Wet,GrbW,4/4/17,Spring,Wet,1319,21.9,205.9,8.53,7.65,2.82,2260.00,3.4,686401.00,5.8,121482.00,5.1,29135.00,4.5,1,0,0.15,0.63,0.63,0.006,0.013,0.009,77,1.2,0
PC480,North Ave CSO,North Ave CSO_Wet,GrbW,4/4/17,Spring,Wet,1327,16.2,690,6.15,7.43,5.32,1171.00,3.1,0.00,2.7,20250.00,4.3,0.00,0,1,1,0.13,0.63,0.63,0.005,0.013,0.009,93.7,0.3,0
PC481,Lindsay Street,Lindsay Street_Wet,GrbW,4/4/17,Spring,Wet,1346,20.8,347,7.65,6.8,1.21,209.00,2.3,1054.00,3,3661.00,3.6,0.00,0,1,0,0.12,0.63,0.63,0.005,0.013,0.009,94.5,0,0
PC482,Greensferry,Greensferry_Wet,GrbW,4/4/17,Spring,Wet,1357,18.8,222.6,8.11,7.22,2.79,30729.00,4.5,4706727.00,6.7,457536.00,5.7,8852.00,3.9,0,0,0.11,0.63,0.63,0.005,0.013,0.009,83.8,0.4,0
PC483,Burbank,Burbank_Wet,GrbW,4/4/17,Spring,Wet,1407,20.1,147.8,7.91,7.34,3.31,1334.00,3.1,198751.00,5.3,39558.00,4.6,0.00,3,0,0,0.1,0.63,0.63,0.004,0.013,0.009,68.7,1.4,0
PC485,Lindsay Street,Lindsay Street_Wet,GrbW,4/11/17,Spring,Wet,1125,19.09,492,8.59,7,1.99,4989.00,3.7,13334.00,4.1,73276.00,4.9,0.00,0,1,0,0,0,0,0,0,0,94.5,0,0
PC486,Grove Park,Grove Park_Wet,GrbW,4/11/17,Spring,Wet,1205,17.07,261,9.68,7.58,2.95,290.00,2.5,4620.00,3.7,0.00,2.7,0.00,0,1,0,0,0,0,0,0,0,48.8,11.2,0
PC487,Spring Street,Spring Street_Wet,GrbW,4/11/17,Spring,Wet,1230,17.41,219,9.4,7.48,3.76,2237.00,3.3,10198.00,4,16623.00,4.2,0.00,0,0,1,0,0,0,0,0,0,41.8,21.9,0.7
PC489,Lillian Cooper Park,Lillian Cooper Park_Wet,GrbW,4/11/17,Spring,Wet,1115,15,148,7.87,7.41,6.47,361.00,2.6,0.00,0,1634.00,3.2,0.00,0,1,0,0,0,0,0,0,0,47.8,21.3,0
PC491,Greensferry,Greensferry_Wet,GrbW,4/11/17,Spring,Wet,1020,18.08,381,8.04,6.83,2.93,9858.00,4,5382587.00,6.7,3039763.00,6.5,974332.00,6,0,0,0,0,0,0,0,0,83.8,0.4,0
PC492,North Ave,North Ave_Wet,GrbW,4/11/17,Spring,Wet,1040,17.28,320,9.49,7.03,2.23,1475.00,3.2,70681.00,4.8,21651.00,4.3,0.00,0,1,0,0,0,0,0,0,0,77,1.2,0
PC493,North Ave CSO,North Ave CSO_Wet,GrbW,4/11/17,Spring,Wet,1100,16.07,388,7.66,7.12,4.77,718.00,2.9,61966.00,4.8,18132.00,4.3,0.00,0,1,1,0,0,0,0,0,0,93.7,0.3,0
PC495,Hortense,Hortense_Wet,GrbW,4/11/17,Spring,Wet,1220,17.56,309,9.91,7.41,2.84,121.00,2.1,11464.00,4.1,2693.00,3.4,0.00,0,1,1,0,0,0,0,0,0,77.3,4.1,0.2
PC496,Kerry Circle,Kerry Circle_Wet,GrbW,4/11/17,Spring,Wet,1310,17.78,307,9.74,7.33,3.97,268.00,2.4,1300.00,3.1,2964.00,3.5,0.00,0,1,1,0,0,0,0,0,0,69.7,8.6,1
PC497,James Jackson,James Jackson_Wet,GrbW,4/11/17,Spring,Wet,1200,16.71,288,10.48,7.36,3.47,125.00,2.1,2701.00,3.4,1578.00,3.2,0.00,0,1,1,0,0,0,0,0,0,60.1,13.1,1
PC498,Northwest,Northwest_Wet,GrbW,4/11/17,Spring,Wet,1015,15.52,293,9.16,7.15,4.74,371.00,2.6,1716.00,3.2,3344.00,3.5,0.00,0,0,0,0,0,0,0,0,0,59,13.9,0.9
PC500,Burbank,Burbank_Wet,GrbW,4/11/17,Spring,Wet,1000,15.29,292,9.15,6.97,2.89,2052.00,3.3,77532.00,4.9,21340.00,4.3,0.00,0,0,1,0,0,0,0,0,0,68.7,1.4,0
PC501,Northwest,Northwest_Wet,GrbW,5/3/17,Spring,Wet,950,16.9,218.2,7.36,7.32,3.94,243.00,2.4,0.00,2.7,2908.00,3.5,0.00,0,1,1,0,0.18,0.31,0,0.004,0.004,59,13.9,0.9
PC503,Lillian Cooper Park,Lillian Cooper Park_Wet,GrbW,5/3/17,Spring,Wet,1011,15.1,101.9,4.92,6.37,9.85,3813.00,3.6,0.00,2.7,41461.00,4.6,0.00,0,1,0,0,0.01,0.31,0,0,0.004,47.8,21.3,0
PC504,James Jackson,James Jackson_Wet,GrbW,5/3/17,Spring,Wet,1026,16.8,222.4,7.76,7.31,2.11,266.00,2.4,0.00,0,2198.00,3.3,0.00,0,1,1,0,0.01,0.31,0,0,0.004,60.1,13.1,1
PC505,Spring Street,Spring Street_Wet,GrbW,5/3/17,Spring,Wet,1039,16.7,184.7,6.43,7.21,2.22,1085.00,3,20537.00,4.3,7931.00,3.9,0.00,0,0,1,0,0.01,0.31,0,0,0.004,41.8,21.9,0.7
PC506,Kerry Circle,Kerry Circle_Wet,GrbW,5/3/17,Spring,Wet,1052,17.8,244.2,6.4,7.21,3.03,1042.00,3,0.00,0,5619.00,3.7,0.00,0,1,1,0,0.01,0.31,0,0,0.004,69.7,8.6,1
PC507,Hortense,Hortense_Wet,GrbW,5/3/17,Spring,Wet,1110,17.1,229.7,8.14,7.37,1.27,539.00,2.7,1547.00,3.2,2640.00,3.4,0.00,0,1,1,0,0.01,0.31,0,0,0.004,77.3,4.1,0.2
PC508,Grove Park,Grove Park_Wet,GrbW,5/3/17,Spring,Wet,1117,17.5,183.9,9.14,7.68,1.12,394.00,2.6,5860.00,3.8,3517.00,3.5,0.00,0,1,1,0,0.01,0.31,0,0,0.004,48.8,11.2,0
PC509,North Ave,North Ave_Wet,GrbW,5/3/17,Spring,Wet,1137,19.6,239.7,8.19,7.45,1.05,3692.00,3.6,204493.00,5.3,25274.00,4.4,0.00,0,1,0,0,0.01,0.31,0,0,0.004,77,1.2,0
PC510,North Ave CSO,North Ave CSO_Wet,GrbW,5/3/17,Spring,Wet,1145,15.1,517,5.83,7.61,1.83,573.00,2.8,0.00,0,6647.00,3.8,0.00,0,1,0,0,0.01,0.31,0,0,0.004,93.7,0.3,0
PC511,Lindsay Street,Lindsay Street_Wet,GrbW,5/3/17,Spring,Wet,1157,19.4,353.5,6.63,6.84,0.49,1014.00,3,6445.00,3.8,17160.00,4.2,0.00,0,0,0,0,0.01,0.31,0,0,0.004,94.5,0,0
PC512,Greensferry,Greensferry_Wet,GrbW,5/3/17,Spring,Wet,1208,19.9,258.6,7.69,7.17,1,23883.00,4.4,1351939.00,6.1,718835.00,5.9,0.00,0,0,0,0,0.01,0.31,0,0,0.004,83.8,0.4,0
PC513,Burbank,Burbank_Wet,GrbW,5/3/17,Spring,Wet,1220,17.7,156.8,8.13,7.23,1.12,750.00,2.9,65102.00,4.8,21988.00,4.3,0.00,0,1,1,0,0.01,0.31,0,0,0.004,68.7,1.4,0
PC515,Northwest,Northwest_Wet,GrbW,5/16/17,Spring,Wet,1044,20.8,245.3,7.2,7.42,2.45,503.00,2.7,0.00,0,6505.00,3.8,0.00,0,0,0,0,0,0.31,0,0,0.004,59,13.9,0.9
PC517,Lillian Cooper Park,Lillian Cooper Park_Wet,GrbW,5/16/17,Spring,Wet,1108,17.2,134.3,1.24,5.59,3.7,2879.00,3.5,0.00,0,34300.00,4.5,0.00,0,1,0,0,0,0.31,0,0,0.004,47.8,21.3,0
PC518,James Jackson,James Jackson_Wet,GrbW,5/16/17,Spring,Wet,1123,21,253,8.14,7.45,1.8,546.00,2.7,0.00,0,5157.00,3.7,0.00,0,1,1,0,0,0.31,0,0,0.004,60.1,13.1,1
PC519,Spring Street,Spring Street_Wet,GrbW,5/16/17,Spring,Wet,1139,20.5,227.4,6.3,7.13,3.18,4262.00,3.6,47056.00,4.7,34792.00,4.5,0.00,0,0,0,0,0,0.31,0,0,0.004,41.8,21.9,0.7
PC520,Kerry Circle,Kerry Circle_Wet,GrbW,5/16/17,Spring,Wet,1154,22,281.2,6.22,7.06,4.58,1482.00,3.2,0.00,0,16161.00,4.2,0.00,0,1,1,0,0,0.31,0,0,0.004,69.7,8.6,1
PC521,Hortense,Hortense_Wet,GrbW,5/16/17,Spring,Wet,1214,21.7,287.2,8.3,7.37,1.65,982.00,3,2967.00,3.5,12533.00,4.1,0.00,0,0,1,0,0,0.31,0,0,0.004,77.3,4.1,0.2
PC522,Grove Park,Grove Park_Wet,GrbW,5/16/17,Spring,Wet,1226,21.8,188,9.07,8.37,2.07,20133.00,4.3,24114.00,4.4,222129.00,5.3,0.00,3,1,0,0,0,0.31,0,0,0.004,48.8,11.2,0
PC523,North Ave,North Ave_Wet,GrbW,5/16/17,Spring,Wet,1239,23.2,247.1,8.1,7.6,0.91,2777.00,3.4,113232.00,5.1,47789.00,4.7,0.00,0,1,0,0,0,0.31,0,0,0.004,77,1.2,0
PC524,North Ave CSO,North Ave CSO_Wet,GrbW,5/16/17,Spring,Wet,1248,17.1,648,0.95,6.82,4.81,50.00,1.7,0.00,0,0.00,2.7,0.00,0,0,1,0,0,0.31,0,0,0.004,93.7,0.3,0
PC525,Lindsay Street,Lindsay Street_Wet,GrbW,5/16/17,Spring,Wet,1310,20.7,361.1,5.7,6.7,1.17,859.00,2.9,148499.00,5.2,7070.00,3.8,0.00,0,1,1,0,0,0.31,0,0,0.004,94.5,0,0
PC526,Greensferry,Greensferry_Wet,GrbW,5/16/17,Spring,Wet,1322,20.7,257.2,7.73,7.06,0.56,32024.00,4.5,859529.00,5.9,217072.00,5.3,0.00,0,0,0,0,0,0.31,0,0,0.004,83.8,0.4,0
PC527,Burbank,Burbank_Wet,GrbW,5/16/17,Spring,Wet,1335,22.1,175,8.04,7.38,1.47,477.00,2.7,32318.00,4.5,5894.00,3.8,0.00,0,0,0,0,0,0.31,0,0,0.004,68.7,1.4,0
PC529,Northwest,Northwest_Wet,GrbW,5/31/17,Spring,Wet,952,20.3,95.3,7.76,7.1,60.1,12996.00,4.1,29420.00,4.5,248700.00,5.4,47304.00,4.7,1,1,1.13,2.26,2.26,0.047,0.047,0.031,59,13.9,0.9
PC531,Lillian Cooper Park,Lillian Cooper Park_Wet,GrbW,5/31/17,Spring,Wet,1015,19.8,76.7,6.91,6.68,62.9,2399.00,3.4,0.00,0,36681.00,4.6,5241.00,3.7,1,0,1.13,2.26,2.26,0.047,0.047,0.031,47.8,21.3,0
PC532,James Jackson,James Jackson_Wet,GrbW,5/31/17,Spring,Wet,1028,20.4,94.4,7.72,7.15,51.7,13461.00,4.1,21195.00,4.3,203622.00,5.3,44013.00,4.6,1,1,1.13,2.26,2.26,0.047,0.047,0.031,60.1,13.1,1
PC533,Spring Street,Spring Street_Wet,GrbW,5/31/17,Spring,Wet,1039,19.8,121.5,8.06,7.16,30,9612.00,4,50759.00,4.7,286811.00,5.5,53849.00,4.7,1,1,1.13,2.26,2.26,0.047,0.047,0.031,41.8,21.9,0.7
PC534,Kerry Circle,Kerry Circle_Wet,GrbW,5/31/17,Spring,Wet,1056,20.6,102.7,6.87,7.06,37.6,9311.00,4,17241.00,4.2,184809.00,5.3,26056.00,4.4,1,1,1.05,2.26,2.26,0.044,0.047,0.031,69.7,8.6,1
PC535,Hortense,Hortense_Wet,GrbW,5/31/17,Spring,Wet,1118,20.8,88.1,7.83,7.12,26.3,6559.00,3.8,27488.00,4.4,123311.00,5.1,18966.00,4.3,1,1,0.66,2.26,2.26,0.028,0.047,0.031,77.3,4.1,0.2
PC536,Grove Park,Grove Park_Wet,GrbW,5/31/17,Spring,Wet,1125,20.8,105.5,8.57,7.3,11.9,2452.00,3.4,57035.00,4.8,73372.00,4.9,7906.00,3.9,1,1,0.65,2.26,2.26,0.027,0.047,0.031,48.8,11.2,0
PC537,North Ave,North Ave_Wet,GrbW,5/31/17,Spring,Wet,1137,21.7,163.8,8.61,7.34,19.2,8246.00,3.9,285959.00,5.5,177874.00,5.3,8618.00,3.9,1,1,0.63,2.26,2.26,0.026,0.047,0.031,77,1.2,0
PC538,North Ave CSO,North Ave CSO_Wet,GrbW,5/31/17,Spring,Wet,1145,20.4,191,6.82,7.3,6.4,2178.00,3.3,1556.00,3.2,44529.00,4.6,1763.00,3.2,1,0,0.63,2.26,2.26,0.026,0.047,0.031,93.7,0.3,0
PC539,Lindsay Street,Lindsay Street_Wet,GrbW,5/31/17,Spring,Wet,1158,20.3,360.5,5.95,6.77,1.11,1486.00,3.2,8081.00,3.9,13361.00,4.1,0.00,0,1,0,0.62,2.26,2.26,0.026,0.047,0.031,94.5,0,0
PC540,Greensferry,Greensferry_Wet,GrbW,5/31/17,Spring,Wet,1210,21.8,559,7.77,7.17,4.96,2222.00,3.3,11092152.00,7,278341.00,5.4,0.00,0,1,0,0.62,2.26,2.26,0.026,0.047,0.031,83.8,0.4,0
PC541,Burbank,Burbank_Wet,GrbW,5/31/17,Spring,Wet,1223,20.8,105,7.3,7.2,42.6,4239.00,3.6,15509.00,4.2,57209.00,4.8,11200.00,4,1,0,0.62,2.26,2.26,0.026,0.047,0.031,68.7,1.4,0
PC543,Lindsay Street,Lindsay Street_Dry,GrbW,7/18/17,Summer,Dry,1220,21.43,411,6.89,7.2,1.3,3187.00,3.5,0.00,2.7,45442.00,4.7,0.00,0,0,0,0,0.18,0.34,0,0.004,0.005,94.5,0,0
PC544,Burbank,Burbank_Dry,GrbW,7/18/17,Summer,Dry,1000,21.66,146,7.96,7.2,56.3,6239.00,3.8,0.00,2.7,22958.00,4.4,0.00,0,1,1,0,0.27,0.34,0,0.006,0.005,68.7,1.4,0
PC545,Grove Park,Grove Park_Dry,GrbW,7/18/17,Summer,Dry,1240,24.47,147,8.32,7.54,6.55,1255.00,3.1,0.00,0,3231.00,3.5,0.00,0,1,1,0,0.18,0.34,0,0.004,0.005,48.8,11.2,0
PC546,Spring Street,Spring Street_Dry,GrbW,7/18/17,Summer,Dry,1340,24.34,194,7.42,7.31,3.55,3933.00,3.6,0.00,0,0.00,2.7,0.00,0,1,0,0,0.18,0.34,0,0.004,0.005,41.8,21.9,0.7
PC548,Lillian Cooper Park,Lillian Cooper Park_Dry,GrbW,7/18/17,Summer,Dry,1215,18.63,150,3.33,6.93,3.63,1204.00,3.1,0.00,0,13507.00,4.1,0.00,0,0,0,0,0.18,0.34,0,0.004,0.005,47.8,21.3,0
PC550,Greensferry,Greensferry_Dry,GrbW,7/18/17,Summer,Dry,1020,23.07,185,8.06,7.44,14.1,18042.00,4.3,211479.00,5.3,251474.00,5.4,0.00,0,0,0,0,0.24,0.34,0,0.005,0.005,83.8,0.4,0
PC551,North Ave,North Ave_Dry,GrbW,7/18/17,Summer,Dry,1130,23.85,183,8.19,7.42,17.4,15645.00,4.2,143830.00,5.2,221907.00,5.3,1409.00,3.1,1,1,0,0.19,0.34,0,0.004,0.005,77,1.2,0
PC552,North Ave CSO,North Ave CSO_Dry,GrbW,7/18/17,Summer,Dry,1150,23.17,285,2.7,7.7,2.35,1856.00,3.3,0.00,0,5509.00,3.7,0.00,0,1,0,0,0.18,0.34,0,0.004,0.005,93.7,0.3,0
PC554,Hortense,Hortense_Dry,GrbW,7/18/17,Summer,Dry,1250,24.14,164,8.07,7.42,16.7,5286.00,3.7,6822.00,3.8,49123.00,4.7,0.00,3,1,0,0,0.18,0.34,0,0.004,0.005,77.3,4.1,0.2
PC555,Kerry Circle,Kerry Circle_Dry,GrbW,7/18/17,Summer,Dry,1320,23.35,182,6.9,7.44,28.7,13326.00,4.1,14746.00,4.2,155530.00,5.2,3575.00,3.6,1,0,0,0.18,0.34,0,0.004,0.005,69.7,8.6,1
PC556,James Jackson,James Jackson_Dry,GrbW,7/18/17,Summer,Dry,1300,24.08,154,7.85,7.11,25.9,6434.00,3.8,13835.00,4.1,77112.00,4.9,4617.00,3.7,0,1,0,0.18,0.34,0,0.004,0.005,60.1,13.1,1
PC557,Northwest,Northwest_Dry,GrbW,7/18/17,Summer,Dry,1045,22.71,136,7.4,6.8,31.7,9269.00,4,22576.00,4.4,143221.00,5.2,9545.00,4,1,1,0,0.21,0.34,0,0.004,0.005,59,13.9,0.9
PC561,Northwest,Northwest_Dry,GrbW,7/25/17,Summer,Dry,1020,24.6,175.5,6.65,7.33,26.2,2177.00,3.3,2160.00,3.3,16587.00,4.2,0.00,0,1,1,1.22,1.54,1.54,0.051,0.032,0.021,59,13.9,0.9
PC563,Lillian Cooper Park,Lillian Cooper Park_Dry,GrbW,7/25/17,Summer,Dry,1040,23.3,140,5.85,7.12,65,24543.00,4.4,0.00,0,97646.00,5,0.00,0,1,1,1.22,1.54,1.54,0.051,0.032,0.021,47.8,21.3,0
PC564,James Jackson,James Jackson_Dry,GrbW,7/25/17,Summer,Dry,1052,24.8,181.6,5.99,7.48,31.5,2273.00,3.4,3633.00,3.6,12649.00,4.1,0.00,0,1,1,1.22,1.54,1.54,0.051,0.032,0.021,60.1,13.1,1
PC565,Spring Street,Spring Street_Dry,GrbW,7/25/17,Summer,Dry,1101,24.1,192.8,5.16,7.27,7.08,23820.00,4.4,195515.00,5.3,353417.00,5.5,0.00,0,0,0,1.22,1.54,1.54,0.051,0.032,0.021,41.8,21.9,0.7
PC566,Kerry Circle,Kerry Circle_Dry,GrbW,7/25/17,Summer,Dry,1114,24.5,214.9,3.45,7.09,14.7,1177.00,3.1,0.00,2.7,7992.00,3.9,0.00,0,1,1,1.22,1.54,1.54,0.051,0.032,0.021,69.7,8.6,1
PC567,Hortense,Hortense_Dry,GrbW,7/25/17,Summer,Dry,1130,24.8,200,6.64,7.34,2.97,515.00,2.7,0.00,2.7,3004.00,3.5,0.00,0,1,1,1.22,1.54,1.54,0.051,0.032,0.021,77.3,4.1,0.2
PC568,Grove Park,Grove Park_Dry,GrbW,7/25/17,Summer,Dry,1137,25,199.1,7.39,7.89,1.4,376.00,2.6,0.00,2.7,0.00,2.7,0.00,0,0,1,1.22,1.54,1.54,0.051,0.032,0.021,48.8,11.2,0
PC569,North Ave,North Ave_Dry,GrbW,7/25/17,Summer,Dry,1144,24.8,239,7.9,7.6,2.41,2455.00,3.4,10649.00,4,11431.00,4.1,0.00,0,1,0,1.22,1.54,1.54,0.051,0.032,0.021,77,1.2,0
PC570,North Ave CSO,North Ave CSO_Dry,GrbW,7/25/17,Summer,Dry,1157,23.8,1278.5,2.78,7.23,4.83,7270.00,3.9,0.00,0,76312.00,4.9,0.00,0,1,1,1.22,1.54,1.54,0.051,0.032,0.021,93.7,0.3,0
PC571,Lindsay Street,Lindsay Street_Dry,GrbW,7/25/17,Summer,Dry,1206,21.7,377.3,6.12,6.92,0.41,833.00,2.9,0.00,2.7,2784.00,3.4,0.00,0,0,1,1.22,1.54,1.54,0.051,0.032,0.021,94.5,0,0
PC572,Greensferry,Greensferry_Dry,GrbW,7/25/17,Summer,Dry,1217,24,264.2,7.61,7.29,1.48,17185.00,4.2,221717.00,5.3,327212.00,5.5,0.00,0,0,0,1.22,1.54,1.54,0.051,0.032,0.021,83.8,0.4,0
PC573,Burbank,Burbank_Dry,GrbW,7/25/17,Summer,Dry,1238,24.2,162.5,7.78,7.33,2.12,743.00,2.9,25412.00,4.4,10905.00,4,0.00,0,1,1,1.22,1.54,1.54,0.051,0.032,0.021,68.7,1.4,0