Lab_ID,Site,Sample Type,Sample Date,Season,Wet/Dry Season,Mainstem_Tributary,Sample Time,Temperature (°C),Conductivity (µS/cm),Dissolved Oxygen (mg/L),pH,Tape Down (m),Turbidity (NTU),SPC (µS/cm),E. coli (MPN/100 mL),Log10 E. coli MPN/100 ml,HF183MGB (GC/100 mL),Log HF183MGB (GC/100 mL),E. Coli (GC/100 mL),Log E. Coli (GC/100 mL),DG3 (GC/100 mL),Log DG3 (GC/100 mL),Salmonella (Presence/Absence),Stx2 (Presence/Absence),Discharge (cfs),24 hr Precipitation (in),48 hr Precipitation (in),72 hr Precipitation (in),"Rain Intensity 
24 hr prior (in/hr)","Rain Intensity 
48 hr prior (in/hr)","Rain Intensity 
72 hr prior (in/hr)",Impervious_Percent,Forest_Percent,Grasslands_Percent
PC1-0915,Burbank,GrbW,9/1/2015,Summer,Dry,Mainstem,12:00:00 PM,,,,,,,,942,3,"5,056",3.7,"7,065",3.8,,,,,,0.02,0.19,0.75,0.001,0.004,0.01,68.7,1.4,0
PC13,Burbank,GrbW,11/23/2015,Fall,Dry,Mainstem,1508,10.6,134.3,9.6,7.69,3.8,NA,,"2,463",3.4,"362,783",5.6,"49,685",4.7,ND,0,A,P,,0,0,0,0,0,0,68.7,1.4,0
PC26,Burbank,GrbW,12/7/2015,Fall,Dry,Mainstem,1308,13.5,111.5,9.93,7.89,8,NA,,"4,572",3.7,"152,869",5.2,"23,334",4.4,ND,0,P,P,,0,0,0,0,0,0,68.7,1.4,0
PC29,Burbank,GrbW,1/12/2016,Winter,Wet,Mainstem,1030,6.1,191,11.75,7,,1.6,,"9,762",4,"1,409,048",6.1,,,"1,949",3.3,A,P,,0,0,0.27,0,0,0.004,68.7,1.4,0
PC55,Burbank,GrbW,1/26/2016,Winter,Wet,Mainstem,1241,10,131,11.22,7.56,3.8,NA,,"3,619",3.6,,,,,ND,0,P,A,,0,0,0,0,0,0,68.7,1.4,0
PC68,Burbank,GrbW,2/9/2016,Winter,Wet,Mainstem,1342,7.6,130.5,11.53,7.72,3.85,NA,,712,2.9,"109,386",5,"11,836",4.1,ND,0,A,P,,0,0,0,0,0,0,68.7,1.4,0
PC83,Burbank,GrbW,2/23/2016,Winter,Wet,Mainstem,1345,13.9,104.8,9.69,7.57,3.8,NA,,"1,715",3.2,"47,475",4.7,"25,592",4.4,"3,097",3.5,P,P,,1.01,1.13,1.16,0.042,0.024,0.016,68.7,1.4,0
PC96,Burbank,GrbW,3/8/2016,Winter,Wet,Mainstem,1332,16.4,158.7,12.56,8.09,3.85,NA,,510,2.7,"5,537",3.7,"6,685",3.8,ND,0,A,P,,0,0,0,0,0,0,68.7,1.4,0
PC110,Burbank,GrbW,3/22/2016,Spring,Wet,Mainstem,1345,14.8,147.7,13.03,3.5,3.85,0.84,,860,2.9,"34,544",4.5,"17,776",4.2,ND,0,A,A,,0,0,0,0,0,0,68.7,1.4,0
PC112,Burbank,GrbW,4/6/2016,Spring,Wet,Mainstem,1155,12.81,208,9.91,7.32,,2.2,,"5,848",3.8,"174,170",5.2,"39,586",4.6,ND,0,A,P,0.505,0,0,0,0,0,0,68.7,1.4,0
PC140,Burbank,GrbW,4/20/2016,Spring,Wet,Mainstem,1343,20,172.6,8.36,7.47,3.8,2,,"1,895",3.3,"77,534",4.9,"22,679",4.4,ND,0,P,P,,0,0,0,0,0,0,68.7,1.4,0
PC154,Burbank,GrbW,5/3/2016,Spring,Wet,Mainstem,1242,20.1,174.6,6.66,7.23,3.84,6,,"2,022",3.3,"115,689",5.1,"27,740",4.4,ND,0,P,A,,0.02,0.04,0.5,0.001,0.001,0.007,68.7,1.4,0
PC169,Burbank,GrbW,5/17/2016,Spring,Wet,Mainstem,1312,19.3,84.6,6.62,7.09,3.8,24.5,,"11,478",4.1,"1,353,396",6.1,"171,579",5.2,"14,874",4.2,P,P,,0.74,0.74,0.74,0.031,0.015,0.01,68.7,1.4,0
PC184,Burbank,GrbW,6/1/2016,Spring,Wet,Mainstem,1240,23.5,176.1,7.35,7.51,3.9,5,,"9,753",4,"194,133",5.3,"28,956",4.5,ND,0,P,A,,0,0,0,0,0,0,68.7,1.4,0
PC198,Burbank,GrbW,6/14/2016,Spring,Wet,Mainstem,1226,24.6,173.2,7.57,7.95,3.9,3.5,,"1,241",3.1,"14,541",4.2,"5,614",3.7,LOQ,3,P,P,,0,0,0,0,0,0,68.7,1.4,0
PC216,Burbank,GrbW,6/28/2016,Summer,Dry,Mainstem,1230,24.8,171.2,7.52,7.57,3.85,1.52,,928,3,"2,486",3.4,"8,294",3.9,ND,0,A,A,,0.06,0.15,0.15,0.003,0.003,0.002,68.7,1.4,0
PC229,Burbank,GrbW,7/12/2016,Summer,Dry,Mainstem,1304,25.1,188.1,7.53,7.6,3.86,3.43,,760,2.9,"26,079",4.4,"13,875",4.1,ND,0,A,P,,0.06,0.06,0.06,0.003,0.001,0.001,68.7,1.4,0
PC232,Burbank,GrbW,7/26/2016,Summer,Dry,Mainstem,1012,24.6,174.4,6.63,7.45,3.9,3.25,,"1,821",3.3,"30,474",4.5,"8,472",3.9,ND,0,P,A,,0,0,0,0,0,0,68.7,1.4,0
PC257,Burbank,GrbW,8/9/2016,Summer,Dry,Mainstem,1325,24.9,160.2,6.44,7.33,3.92,16.4,,"2,785",3.4,"39,070",4.6,"9,765",4,ND,0,P,P,,0.07,0.35,0.35,0.003,0.007,0.005,68.7,1.4,0
PC269,Burbank,GrbW,8/30/2016,Summer,Dry,Mainstem,1337,24.8,170.4,7.24,7.5,3.94,2.74,,"1,291",3.1,"36,460",4.6,"11,688",4.1,ND,0,P,P,,0,0,0,0,0,0,68.7,1.4,0
PC281,Burbank,GrbW,9/15/2016,Summer,Dry,Mainstem,1317,23.2,179.7,6.57,7.32,3.91,1.85,,170,2.2,"14,384",4.2,"78,178",4.9,ND,0,A,A,,0,0,0.06,0,0,0.001,68.7,1.4,0
PC293,Burbank,GrbW,9/27/2016,Fall,Dry,Mainstem,1245,22.7,179.7,6.93,7.49,3.98,2.32,,451,2.7,"3,332",3.5,"66,306",4.8,ND,0,A,P,,0,0,0,0,0,0,68.7,1.4,0
PC308,Burbank,GrbW,10/18/2016,Fall,Dry,Mainstem,950,18.1,169.7,6.44,7.38,3.86,2.1,,"1,069",3,"40,652",4.6,"32,838",4.5,ND,0,A,P,0.09,0,0,0.03,0,0,0,68.7,1.4,0
PC320,Burbank,GrbW,10/25/2016,Fall,Dry,Mainstem,1335,15.1,161.7,7.86,7.37,3.85,1.94,,"1,183",3.1,"11,600",4.1,"239,801",5.4,ND,0,A,P,,0,0,0,0,0,0,68.7,1.4,0
PC332,Burbank,GrbW,11/7/2016,Fall,Dry,Mainstem,1348,14.7,152.9,8.15,7.33,3.83,1.83,,454,2.7,"4,339",3.6,"62,533",4.8,ND,0,A,P,,0,0,0,0,0,0,68.7,1.4,0
PC344,Burbank,GrbW,11/21/2016,Fall,Dry,Mainstem,1318,8.9,137.2,9.83,7.39,3.8,1.5,,"1,325",3.1,"61,448",4.8,"9,235",4,ND,0,A,A,,0,0,0,0,0,0,68.7,1.4,0
PC356,Burbank,GrbW,12/5/2016,Fall,Dry,Mainstem,1408,11.3,89.1,7.7,7.05,3.9,13.2,,"2,087",3.3,"169,008",5.2,"25,134",4.4,LOQ,3,A,A,,0.37,0.87,0.87,0.015,0.018,0.012,68.7,1.4,0
PC368,Burbank,GrbW,12/19/2016,Fall,Dry,Mainstem,1342,8.4,118.1,9.11,7.25,3.78,3.16,,"24,543",4.4,"1,498,401",6.2,"492,213",5.7,LOQ,3,A,P,,0.14,0.31,0.33,0.006,0.006,0.005,68.7,1.4,0
PC381,Burbank,GrbW,1/3/2017,Winter,Wet,Mainstem,1343,13.6,124.3,8.46,7.12,3.78,36.8,,"36,540",4.6,"451,426",5.7,"57,459",4.8,"5,766",3.8,P,P,,1.66,2.24,2.62,0.069,0.047,0.036,68.7,1.4,0
PC384,Burbank,GrbW,1/24/2017,Winter,Wet,Mainstem,1003,13.37,193,10.04,7.39,NA,4.58,,"5,231",3.7,"146,040",5.2,"10,631",4,ND,0,P,P,0.62,0,0.65,2.56,0,0.014,0.036,68.7,1.4,0
PC413,Burbank,GrbW,2/9/2017,Winter,Wet,Mainstem,1334,12.5,103.4,10.1,7.35,3.85,41.6,,"32,550",4.5,"8,668",3.9,"98,127",5,ND,0,P,P,,0.17,0.84,0.84,0.007,0.018,0.012,68.7,1.4,0
PC426,Burbank,GrbW,2/22/2017,Winter,Wet,Mainstem,1301,15.9,125.1,10.62,7.4,3.8,3.85,,"1,559",3.2,"58,391",4.8,"34,049",4.5,LOQ,3,A,P,,0.32,0.32,0.32,0.013,0.007,0.004,68.7,1.4,0
PC439,Burbank,GrbW,3/8/2017,Winter,Wet,Mainstem,1256,16.4,118.7,9.7,7.41,3.88,8.86,,"3,234",3.5,"97,980",5,"65,215",4.8,ND,0,A,P,,0.54,0.54,0.54,0.023,0.011,0.008,68.7,1.4,0
PC454,Burbank,GrbW,3/21/2017,Spring,Wet,Mainstem,1348,17.9,156.1,11.66,7.82,3.2,1.45,,247,2.4,"28,197",4.5,"5,811",3.8,ND,0,A,P,,0,0,0,0,0,0,68.7,1.4,0
PC483,Burbank,GrbW,4/4/2017,Spring,Wet,Mainstem,1407,20.1,147.8,7.91,7.34,3.78,3.31,,"1,334",3.1,"198,751",5.3,"39,558",4.6,LOQ,3,A,A,,0.1,0.63,0.63,0.004,0.013,0.009,68.7,1.4,0
PC500,Burbank,GrbW,4/11/2017,Spring,Wet,Mainstem,1000,15.29,292,9.15,6.97,,2.89,,"2,052",3.3,"77,532",4.9,"21,340",4.3,ND,0,A,P,0.47,0,0,0,0,0,0,68.7,1.4,0
PC513,Burbank,GrbW,5/3/2017,Spring,Wet,Mainstem,1220,17.7,156.8,8.13,7.23,3.8,1.12,,750,2.9,"65,102",4.8,"21,988",4.3,ND,0,P,P,,0,0.01,0.31,0,0,0.004,68.7,1.4,0
PC527,Burbank,GrbW,5/16/2017,Spring,Wet,Mainstem,1335,22.1,175,8.04,7.38,3.84,1.47,185.7,477,2.7,"32,318",4.5,"5,894",3.8,ND,0,A,A,,0,0,0.31,0,0,0.004,68.7,1.4,0
PC541,Burbank,GrbW,5/31/2017,Spring,Wet,Mainstem,1223,20.8,105,7.3,7.2,2.84,42.6,114.3,"4,239",3.6,"15,509",4.2,"57,209",4.8,"11,200",4,P,A,,0.62,2.26,2.26,0.026,0.047,0.031,68.7,1.4,0
PC544,Burbank,GrbW,7/18/2017,Summer,Dry,Mainstem,1000,21.66,146,7.96,7.2,,56.3,,"6,239",3.8,LOQ,2.7,"22,958",4.4,ND,0,P,P,,0,0.27,0.34,0,0.006,0.005,68.7,1.4,0
PC573,Burbank,GrbW,7/25/2017,Summer,Dry,Mainstem,1238,24.2,162.5,7.78,7.33,3.82,2.12,165.2,743,2.9,"25,412",4.4,"10,905",4,ND,0,P,P,,1.22,1.54,1.54,0.051,0.032,0.021,68.7,1.4,0
PC2-0915,Greensferry,GrbW,9/1/2015,Summer,Dry,Tributary,11:45:00 AM,,,,,,,,"21,730",4.3,"2,261,080",6.4,"1,020,485",6,,,,,,0.02,0.19,0.75,0.001,0.004,0.01,83.8,0.4,0
PC12,Greensferry,GrbW,11/23/2015,Fall,Dry,Tributary,1445,17.5,262.3,6.81,7.44,1.06,NA,,"101,330",5,"8,257,914",6.9,"2,774,038",6.4,"15,677",4.2,A,A,,0,0,0,0,0,0,83.8,0.4,0
PC25,Greensferry,GrbW,12/7/2015,Fall,Dry,Tributary,1257,18,261,7.25,7.44,1.4,NA,,"5,411",3.7,"941,242",6,"109,667",5,"2,145",3.3,A,A,,0,0,0,0,0,0,83.8,0.4,0
PC35,Greensferry,GrbW,1/12/2016,Winter,Wet,Tributary,1100,15.63,299,8.9,7.1,,0.9,,"2,889",3.5,"2,219,194",6.3,,,"15,253",4.2,A,A,,0,0,0.27,0,0,0.004,83.8,0.4,0
PC54,Greensferry,GrbW,1/26/2016,Winter,Wet,Tributary,1229,15.6,256.6,8.66,7.25,1.25,NA,,"19,260",4.3,"7,239,586",6.9,"314,651",5.5,"2,820",3.5,A,A,,0,0,0,0,0,0,83.8,0.4,0
PC66,Greensferry,GrbW,2/9/2016,Winter,Wet,Tributary,1311,14.8,265.5,8.07,7.4,1.23,NA,,"16,794",4.2,"16,217,453",7.2,"373,976",5.6,"63,215",4.8,A,A,,0,0,0,0,0,0,83.8,0.4,0
PC70,Greensferry,GrbW,2/18/2016,Winter,Wet,Tributary,1100,NA,NA,NA,NA,1.25,NA,,"8,600",3.9,"6,700,307",6.8,"516,924",5.7,"9,458",4,A,A,,0,0.03,0.92,0.042,0.023,0.016,83.8,0.4,0
PC82,Greensferry,GrbW,2/23/2016,Winter,Wet,Tributary,1335,14.9,594,9.05,7.16,1.95,NA,,"15,420",4.2,"9,413,933",7,"211,586",5.3,"4,289",3.6,A,A,,1.01,1.13,1.16,0.042,0.024,0.016,83.8,0.4,0
PC95,Greensferry,GrbW,3/8/2016,Winter,Wet,Tributary,1322,16.5,257.6,8.99,7.36,1.43,NA,,"16,574",4.2,"1,271,870",6.1,"578,661",5.8,LOQ,3,A,A,,0,0,0,0,0,0,83.8,0.4,0
PC109,Greensferry,GrbW,3/22/2016,Spring,Wet,Tributary,1333,17.2,260.1,7.33,5,1.5,1.73,,"9,974",4,"3,779,528",6.6,"537,135",5.7,"19,470",4.3,A,P,,0,0,0,0,0,0,83.8,0.4,0
PC113,Greensferry,GrbW,4/6/2016,Spring,Wet,Tributary,1130,16.75,309,7.84,7.23,,1.5,,"23,155",4.4,"3,495,779",6.5,"233,383",5.4,"1,484",3.2,A,A,1.206,0,0,0,0,0,0,83.8,0.4,0
PC139,Greensferry,GrbW,4/20/2016,Spring,Wet,Tributary,1329,18.4,275.2,6.9,7.16,1.45,1.6,,"8,333",3.9,"2,709,951",6.4,"101,455",5,"18,028",4.3,A,A,,0,0,0,0,0,0,83.8,0.4,0
PC153,Greensferry,GrbW,5/3/2016,Spring,Wet,Tributary,1230,19.7,269.7,5.92,7.07,1.22,3.4,,"17,041",4.2,"4,142,208",6.6,"405,859",5.6,"11,606",4.1,A,P,,0.02,0.04,0.5,0.001,0.001,0.007,83.8,0.4,0
PC168,Greensferry,GrbW,5/17/2016,Spring,Wet,Tributary,1323,20,132.1,7.07,7,1.5,8.2,,"31,530",4.5,"2,445,124",6.4,"201,696",5.3,"21,646",4.3,P,A,,0.74,0.74,0.74,0.031,0.015,0.01,83.8,0.4,0
PC183,Greensferry,GrbW,6/1/2016,Spring,Wet,Tributary,1228,20.5,289.1,6.86,7.29,1.15,0.8,,"19,056",4.3,"966,412",6,"150,953",5.2,"20,564",4.3,A,A,,0,0,0,0,0,0,83.8,0.4,0
PC197,Greensferry,GrbW,6/14/2016,Spring,Wet,Tributary,1216,21.3,298.7,6.81,7.14,1.15,1.4,,"1,955",3.3,"16,728",4.2,"6,871",3.8,ND,0,A,A,,0,0,0,0,0,0,83.8,0.4,0
PC215,Greensferry,GrbW,6/28/2016,Summer,Dry,Tributary,1221,22.1,312.3,6,7.07,1.12,1.09,,"9,561",4,"147,727",5.2,"14,300",4.2,ND,0,A,A,,0.06,0.15,0.15,0.003,0.003,0.002,83.8,0.4,0
PC228,Greensferry,GrbW,7/12/2016,Summer,Dry,Tributary,1254,23,305.3,6.26,7.19,NA,1.03,,"5,129",3.7,"195,724",5.3,"62,013",4.8,LOQ,3,A,P,,0.06,0.06,0.06,0.003,0.001,0.001,83.8,0.4,0
PC237,Greensferry,GrbW,7/26/2016,Summer,Dry,Tributary,1022,23.7,290.4,6.26,7.16,0.82,0.74,,"6,545",3.8,"293,122",5.5,"120,205",5.1,LOQ,3,A,P,,0,0,0,0,0,0,83.8,0.4,0
PC256,Greensferry,GrbW,8/9/2016,Summer,Dry,Tributary,1312,24.2,275.5,5.77,7.05,0.92,6.17,,"21,432",4.3,"634,139",5.8,"187,932",5.3,"19,456",4.3,A,P,,0.07,0.35,0.35,0.003,0.007,0.005,83.8,0.4,0
PC268,Greensferry,GrbW,8/30/2016,Summer,Dry,Tributary,1324,23.9,296.7,5.44,7.12,0.76,1.22,,"10,187",4,"121,525",5.1,"251,659",5.4,LOQ,3,A,A,,0,0,0,0,0,0,83.8,0.4,0
PC280,Greensferry,GrbW,9/15/2016,Summer,Dry,Tributary,1307,24.1,290.4,4.73,7.01,0.93,1.67,,"8,795",3.9,"588,951",5.8,"297,892",5.5,LOQ,3,A,A,,0,0,0.06,0,0,0.001,83.8,0.4,0
PC292,Greensferry,GrbW,9/27/2016,Fall,Dry,Tributary,1234,23.9,258.8,4.71,7.04,1.4,5.29,,"17,783",4.3,"1,311,163",6.1,"806,624",5.9,ND,0,A,A,,0,0,0,0,0,0,83.8,0.4,0
PC300,Greensferry,GrbW,10/18/2016,Fall,Dry,Tributary,1009,21.5,247.5,5.74,7.03,1.89,1.41,,"2,674",3.4,"260,510",5.4,"46,533",4.7,LOQ,3,A,A,1.21,0,0,0.03,0,0,0,83.8,0.4,0
PC319,Greensferry,GrbW,10/25/2016,Fall,Dry,Tributary,1323,20.5,253.9,5,7.06,1.21,1.76,,"6,365",3.8,"1,056,855",6,"390,243",5.6,"6,801",3.8,A,A,,0,0,0,0,0,0,83.8,0.4,0
PC331,Greensferry,GrbW,11/7/2016,Fall,Dry,Tributary,1337,19.6,250.2,4.2,6.98,1.08,2.7,,"5,087",3.7,"273,820",5.4,"108,661",5,"2,346",3.4,A,A,,0,0,0,0,0,0,83.8,0.4,0
PC343,Greensferry,GrbW,11/21/2016,Fall,Dry,Tributary,1307,16.4,235.2,5.4,7.07,1.15,1.63,,"39,475",4.6,"250,740",5.4,"218,871",5.3,"1,674",3.2,A,A,,0,0,0,0,0,0,83.8,0.4,0
PC355,Greensferry,GrbW,12/5/2016,Fall,Dry,Tributary,1356,16,218.4,7.39,7.14,0.93,6.11,,"12,040",4.1,"2,252,353",6.4,"281,941",5.5,"41,829",4.6,P,A,,0.27,0.77,0.77,0.011,0.016,0.011,83.8,0.4,0
PC367,Greensferry,GrbW,12/19/2016,Fall,Dry,Tributary,1331,14.6,219,8.51,7.22,0.93,1.42,,"23,218",4.4,"357,345",5.6,"613,498",5.8,ND,0,A,A,,0.15,0.32,0.33,0.006,0.007,0.005,83.8,0.4,0
PC380,Greensferry,GrbW,1/3/2017,Winter,Wet,Tributary,1332,14.4,139.7,9.37,7.27,1.53,10.63,,"7,299",3.9,"368,267",5.6,"38,070",4.6,LOQ,3,A,P,,1.67,2.24,2.63,0.07,0.047,0.037,83.8,0.4,0
PC390,Greensferry,GrbW,1/24/2017,Winter,Wet,Tributary,1043,16.78,290,8.71,7.09,NA,4.15,,"17,934",4.3,"3,973,843",6.6,"171,159",5.2,"15,836",4.2,A,A,1.37,0,0.65,2.26,0,0.014,0.031,83.8,0.4,0
PC412,Greensferry,GrbW,2/9/2017,Winter,Wet,Tributary,1322,14.8,199.5,8.76,7.25,1.97,5.23,,"18,456",4.3,"2,598,352",6.4,"739,940",5.9,ND,0,P,P,,0.17,0.84,0.85,0.007,0.018,0.012,83.8,0.4,0
PC425,Greensferry,GrbW,2/22/2017,Winter,Wet,Tributary,1251,16.9,207.1,8.1,7.13,1.24,2.55,,"10,013",4,"544,716",5.7,"115,552",5.1,"1,773",3.2,A,A,,0.32,0.32,0.32,0.013,0.007,0.004,83.8,0.4,0
PC438,Greensferry,GrbW,3/8/2017,Winter,Wet,Tributary,1243,16.6,210,8.63,7.23,1.4,5.53,,"13,678",4.1,"2,488,179",6.4,"220,447",5.3,ND,0,A,A,,0.54,0.54,0.54,0.023,0.011,0.008,83.8,0.4,0
PC453,Greensferry,GrbW,3/21/2017,Spring,Wet,Tributary,1335,17.4,240.3,8.85,7.25,1.43,0.82,,"17,341",4.2,"5,968,540",6.8,"195,905",5.3,"147,344",5.2,A,P,,0,0,0,0,0,0,83.8,0.4,0
PC482,Greensferry,GrbW,4/4/2017,Spring,Wet,Tributary,1357,18.8,222.6,8.11,7.22,1.5,2.79,,"30,729",4.5,"4,706,727",6.7,"457,536",5.7,"8,852",3.9,A,A,,0.11,0.63,0.63,0.005,0.013,0.009,83.8,0.4,0
PC491,Greensferry,GrbW,4/11/2017,Spring,Wet,Tributary,1020,18.08,381,8.04,6.83,,2.93,,"9,858",4,"5,382,587",6.7,"3,039,763",6.5,"974,332",6,A,A,1.01,0,0,0,0,0,0,83.8,0.4,0
PC512,Greensferry,GrbW,5/3/2017,Spring,Wet,Tributary,1208,19.9,258.6,7.69,7.17,1.3,1,,"23,883",4.4,"1,351,939",6.1,"718,835",5.9,ND,0,A,A,,0,0.01,0.31,0,0,0.004,83.8,0.4,0
PC526,Greensferry,GrbW,5/16/2017,Spring,Wet,Tributary,1322,20.7,257.2,7.73,7.06,1.09,0.56,280.5,"32,024",4.5,"859,529",5.9,"217,072",5.3,ND,0,A,A,,0,0,0.31,0,0,0.004,83.8,0.4,0
PC540,Greensferry,GrbW,5/31/2017,Spring,Wet,Tributary,1210,21.8,559,7.77,7.17,1.36,4.96,594,"2,222",3.3,"11,092,152",7,"278,341",5.4,ND,0,P,A,,0.62,2.26,2.26,0.026,0.047,0.031,83.8,0.4,0
PC550,Greensferry,GrbW,7/18/2017,Summer,Dry,Tributary,1020,23.07,185,8.06,7.44,,14.1,,"18,042",4.3,"211,479",5.3,"251,474",5.4,ND,0,A,A,,0,0.24,0.34,0,0.005,0.005,83.8,0.4,0
PC572,Greensferry,GrbW,7/25/2017,Summer,Dry,Tributary,1217,24,264.2,7.61,7.29,NA,1.48,269.3,"17,185",4.2,"221,717",5.3,"327,212",5.5,ND,0,A,A,,1.22,1.54,1.54,0.051,0.032,0.021,83.8,0.4,0
PC11-0915,Grove Park,GrbW,9/1/2015,Summer,Dry,Tributary,12:15:00 PM,,,,,,,,345,2.5,"4,000",3.6,"4,000",3.6,,,,,,0.01,0.19,0.75,0,0.004,0.01,48.8,11.2,0
PC7,Grove Park,GrbW,11/23/2015,Fall,Dry,Tributary,1308,9.2,142.5,10.75,7.59,2.04,NA,,957,3,"83,228",4.9,"53,340",4.7,ND,0,P,P,,0,0,0,0,0,0,48.8,11.2,0
PC21,Grove Park,GrbW,12/7/2015,Fall,Dry,Tributary,1208,11,146.7,11.32,7.83,2.5,NA,,247,2.4,ND,0,<LOQ,2.7,ND,0,A,A,,0,0,0,0,0,0,48.8,11.2,0
PC30,Grove Park,GrbW,1/12/2016,Winter,Wet,Tributary,1400,7.61,206,11.7,7.66,,3.5,,175,2.2,"20,359",4.3,,,ND,0,A,P,,0,0,0.3,0,0,0.004,48.8,11.2,0
PC50,Grove Park,GrbW,1/26/2016,Winter,Wet,Tributary,1142,8,133.9,11.46,7.22,2.03,NA,,123,2.1,"7,019",3.8,"3,916",3.6,ND,0,A,P,,0,0,0,0,0,0,48.8,11.2,0
PC63,Grove Park,GrbW,2/9/2016,Winter,Wet,Tributary,1230,6.7,137.3,11.77,7.61,2.05,NA,,232,2.4,"19,961",4.3,"4,932",3.7,ND,0,P,P,,0,0,0,0,0,0,48.8,11.2,0
PC77,Grove Park,GrbW,2/23/2016,Winter,Wet,Tributary,1235,13.2,93.9,9.9,7.47,1.97,NA,,"3,269",3.5,"230,513",5.4,"140,237",5.1,"2,905",3.5,P,P,,1.01,1.11,1.14,0.042,0.023,0.016,48.8,11.2,0
PC91,Grove Park,GrbW,3/8/2016,Winter,Wet,Tributary,1238,13.9,162.5,11.16,7.84,2.02,NA,,462,2.7,"7,235",3.9,"19,561",4.3,LOQ,3,A,A,,0,0,0,0,0,0,48.8,11.2,0
PC104,Grove Park,GrbW,3/22/2016,Spring,Wet,Tributary,1239,11.9,153.2,11.4,5.5,2.02,1.84,,366,2.6,"4,562",3.7,"11,419",4.1,ND,0,P,P,,0,0,0,0,0,0,48.8,11.2,0
PC122,Grove Park,GrbW,4/6/2016,Spring,Wet,Tributary,1015,11.85,210,10.6,7.64,,1.7,,572,2.8,"6,844",3.8,"12,768",4.1,ND,0,A,P,0.98,0,0,0,0,0,0,48.8,11.2,0
PC134,Grove Park,GrbW,4/20/2016,Spring,Wet,Tributary,1220,17.8,179.6,9.15,7.76,2.05,1.7,,455,2.7,"5,696",3.8,"8,113",3.9,ND,0,P,P,,0,0,0,0,0,0,48.8,11.2,0
PC148,Grove Park,GrbW,5/3/2016,Spring,Wet,Tributary,1137,19.5,182.9,8.45,7.59,2.051,3.5,,438,2.6,"6,723",3.8,"6,273",3.8,ND,0,P,A,,0.02,0.04,0.5,0.001,0.001,0.007,48.8,11.2,0
PC164,Grove Park,GrbW,5/17/2016,Spring,Wet,Tributary,1222,18.2,94.5,8.21,7.24,1.958,19.9,,"14,140",4.2,"156,320",5.2,"188,070",5.3,"7,558",3.9,P,A,,0.74,0.74,0.74,0.031,0.015,0.01,48.8,11.2,0
PC178,Grove Park,GrbW,6/1/2016,Spring,Wet,Tributary,1139,22.9,194.1,8.3,8.06,2.05,2,,643,2.8,LOQ,2.7,LOQ,2.7,ND,0,P,P,,0,0,0,0,0,0,48.8,11.2,0
PC192,Grove Park,GrbW,6/14/2016,Spring,Wet,Tributary,1127,24.3,212.3,7.64,7.79,2.07,2.3,,326,2.5,"20,789",4.3,"12,444",4.1,ND,0,P,P,,0,0,0,0,0,0,48.8,11.2,0
PC211,Grove Park,GrbW,6/28/2016,Summer,Dry,Tributary,1135,25,203,7.81,7.86,2.12,2.17,,986,3,ND,2.7,"12,185",4.1,ND,0,P,A,,0.06,0.15,0.15,0.003,0.003,0.002,48.8,11.2,0
PC224,Grove Park,GrbW,7/12/2016,Summer,Dry,Tributary,1215,25.2,220.2,7.23,7.85,2.06,3.14,,313,2.5,ND,2.7,"6,290",3.8,LOQ,3,P,A,,0.06,0.06,0.06,0.003,0.001,0.001,48.8,11.2,0
PC233,Grove Park,GrbW,7/26/2016,Summer,Dry,Tributary,1116,25.4,215.5,7.47,7.85,2.08,2.22,,174,2.2,LOQ,2.7,"3,271",3.5,ND,0,P,A,,0,0,0,0,0,0,48.8,11.2,0
PC252,Grove Park,GrbW,8/9/2016,Summer,Dry,Tributary,1225,25.3,162.1,7.04,7.58,2.13,3.53,,734,2.9,LOQ,2.7,"2,303",3.4,ND,0,P,P,,0.07,0.35,0.35,0.003,0.007,0.005,48.8,11.2,0
PC264,Grove Park,GrbW,8/30/2016,Summer,Dry,Tributary,1241,24.8,201.9,7.49,8.03,2.05,1.5,,249,2.4,"1,251",3.1,"6,949",3.8,ND,0,P,A,,0,0,0,0,0,0,48.8,11.2,0
PC276,Grove Park,GrbW,9/15/2016,Summer,Dry,Tributary,1226,23.5,226.7,7.15,7.69,2.07,5.23,,113,2.1,LOQ,2.7,"8,251",3.9,ND,0,P,P,,0,0,0.06,0,0,0.001,48.8,11.2,0
PC288,Grove Park,GrbW,9/27/2016,Fall,Dry,Tributary,1156,22.9,188.1,7.46,7.69,2.09,5.38,,457,2.7,ND,0,"33,247",4.5,ND,0,P,A,,0,0,0,0,0,0,48.8,11.2,0
PC296,Grove Park,GrbW,10/18/2016,Fall,Dry,Tributary,1106,18.4,187,8.2,7.64,2.06,4.68,,148,2.2,ND,0,"2,062",3.3,ND,0,P,A,0.1,0,0,0.03,0,0,0,48.8,11.2,0
PC315,Grove Park,GrbW,10/25/2016,Fall,Dry,Tributary,1240,14.9,190.5,7.28,7.47,2.08,4.3,,129,2.1,"63,820",4.8,"8,088",3.9,ND,0,A,P,,0,0,0,0,0,0,48.8,11.2,0
PC327,Grove Park,GrbW,11/7/2016,Fall,Dry,Tributary,1257,14.6,174.8,8.26,7.54,2.05,3.02,,57,1.8,LOQ,2.7,"8,111",3.9,ND,0,P,A,,0,0,0,0,0,0,48.8,11.2,0
PC339,Grove Park,GrbW,11/21/2016,Fall,Dry,Tributary,1228,8.7,152.3,9.88,7.69,2.05,2.25,,50,1.7,ND,0,LOQ,2.7,ND,0,A,A,,0,0,0,0,0,0,48.8,11.2,0
PC351,Grove Park,GrbW,12/5/2016,Fall,Dry,Tributary,1314,10.7,94.1,9.95,7.43,2.04,3.96,,"1,930",3.3,"39,243",4.6,"15,259",4.2,"3,016",3.5,A,P,,0.21,0.7,0.7,0.009,0.015,0.01,48.8,11.2,0
PC363,Grove Park,GrbW,12/19/2016,Fall,Dry,Tributary,1245,7.5,105.3,11.55,7.54,2.03,3.07,,541,2.7,"19,935",4.3,"12,002",4.1,ND,0,P,P,,0.15,0.32,0.33,0.006,0.007,0.005,48.8,11.2,0
PC376,Grove Park,GrbW,1/3/2017,Winter,Wet,Tributary,1246,12.8,124.5,9.73,7.38,1.99,8.94,,564,2.8,"86,506",4.9,"16,262",4.2,LOQ,3,A,A,,1.68,2.24,2.64,0.07,0.047,0.037,48.8,11.2,0
PC385,Grove Park,GrbW,1/24/2017,Winter,Wet,Tributary,1213,9.63,213,10.99,7.08,NA,3.04,,"1,111",3,"2,158",3.3,"2,552",3.4,ND,0,P,A,0.96,0,0.65,1.49,0,0.014,0.021,48.8,11.2,0
PC408,Grove Park,GrbW,2/9/2017,Winter,Wet,Tributary,1227,11.1,96.3,10.92,7.53,2.02,13.4,,"1,461",3.2,"4,958",3.7,"19,429",4.3,"7,836",3.9,P,P,,0.17,0.84,0.86,0.007,0.018,0.012,48.8,11.2,0
PC421,Grove Park,GrbW,2/22/2017,Winter,Wet,Tributary,1207,13.7,138.4,10.77,7.78,NA,2.29,,"1,345",3.1,"21,048",4.3,"23,873",4.4,ND,0,P,P,,0.32,0.32,0.32,0.013,0.007,0.004,48.8,11.2,0
PC434,Grove Park,GrbW,3/8/2017,Winter,Wet,Tributary,1156,14.6,116.4,10.19,7.56,2.04,4.73,,646,2.8,"9,276",4,"5,660",3.8,"10,638",4,P,P,,0.54,0.54,0.54,0.023,0.011,0.008,48.8,11.2,0
PC449,Grove Park,GrbW,3/21/2017,Spring,Wet,Tributary,1248,15.5,160.7,10.65,8.29,2.09,0.51,,117,2.1,"3,867",3.6,"2,621",3.4,ND,0,A,A,,0,0,0,0,0,0,48.8,11.2,0
PC478,Grove Park,GrbW,4/4/2017,Spring,Wet,Tributary,1307,19.3,151.6,8.7,7.64,2.07,2.5,,486,2.7,"51,117",4.7,"5,356",3.7,ND,0,P,A,,0.15,0.63,0.63,0.006,0.013,0.009,48.8,11.2,0
PC486,Grove Park,GrbW,4/11/2017,Spring,Wet,Tributary,1205,17.07,261,9.68,7.58,,2.95,,290,2.5,"4,620",3.7,LOQ,2.7,ND,0,P,A,0.64,0,0,0,0,0,0,48.8,11.2,0
PC508,Grove Park,GrbW,5/3/2017,Spring,Wet,Tributary,1117,17.5,183.9,9.14,7.68,1.99,1.12,,394,2.6,"5,860",3.8,"3,517",3.5,ND,0,P,P,,0,0.01,0.31,0,0,0.004,48.8,11.2,0
PC522,Grove Park,GrbW,5/16/2017,Spring,Wet,Tributary,1226,21.8,188,9.07,8.37,2.03,2.07,200.4,"20,133",4.3,"24,114",4.4,"222,129",5.3,LOQ,3,P,A,,0,0,0.31,0,0,0.004,48.8,11.2,0
PC536,Grove Park,GrbW,5/31/2017,Spring,Wet,Tributary,1125,20.8,105.5,8.57,7.3,2.01,11.9,114.6,"2,452",3.4,"57,035",4.8,"73,372",4.9,"7,906",3.9,P,P,,0.65,2.26,2.26,0.027,0.047,0.031,48.8,11.2,0
PC545,Grove Park,GrbW,7/18/2017,Summer,Dry,Tributary,1240,24.47,147,8.32,7.54,,6.55,,"1,255",3.1,ND,0,"3,231",3.5,ND,0,P,P,,0,0.18,0.34,0,0.004,0.005,48.8,11.2,0
PC568,Grove Park,GrbW,7/25/2017,Summer,Dry,Tributary,1137,25,199.1,7.39,7.89,2.06,1.4,199.3,376,2.6,LOQ,2.7,LOQ,2.7,ND,0,A,P,,1.22,1.54,1.54,0.051,0.032,0.021,48.8,11.2,0
PC6-0915,Hortense,GrbW,9/1/2015,Summer,Dry,Mainstem,11:40:00 AM,,,,,,,,406,2.6,"8,564",3.9,"4,000",3.6,,,,,,0.02,0.19,0.75,0.001,0.004,0.01,77.3,4.1,0.2
PC6,Hortense,GrbW,11/23/2015,Fall,Dry,Mainstem,1259,9.1,182.9,9.87,7.48,7.74,NA,,"1,818",3.3,"94,050",5,"47,089",4.7,ND,0,A,P,,0,0,0,0,0,0,77.3,4.1,0.2
PC20,Hortense,GrbW,12/7/2015,Fall,Dry,Mainstem,1156,11.1,185.6,11.1,7.66,7.75,NA,,496,2.7,"87,648",4.9,"16,612",4.2,ND,0,A,A,,0,0,0,0,0,0,77.3,4.1,0.2
PC39,Hortense,GrbW,1/12/2016,Winter,Wet,Mainstem,1300,6.98,259,11.85,7.62,,3.6,,"3,015",3.5,"675,828",5.8,,,ND,0,A,RERUN,,0,0,0.3,0,0,0.004,77.3,4.1,0.2
PC49,Hortense,GrbW,1/26/2016,Winter,Wet,Mainstem,1131,8.4,171.5,10.78,7.07,7.66,NA,,"2,095",3.3,"611,263",5.8,"28,030",4.4,LOQ,3,A,A,,0,0,0,0,0,0,77.3,4.1,0.2
PC62,Hortense,GrbW,2/9/2016,Winter,Wet,Mainstem,1217,7.2,180.9,11.27,7.51,7.65,NA,,654,2.8,"316,283",5.5,"18,806",4.3,ND,0,A,A,,0,0,0,0,0,0,77.3,4.1,0.2
PC76,Hortense,GrbW,2/23/2016,Winter,Wet,Mainstem,1226,14,90.3,9.51,7.55,7.5,NA,,"8,451",3.9,"765,545",5.9,"95,666",5,"6,694",3.8,P,P,,1.01,1.11,1.14,0.042,0.023,0.016,77.3,4.1,0.2
PC90,Hortense,GrbW,3/8/2016,Winter,Wet,Mainstem,1228,14.2,212.3,12.53,7.83,7.65,NA,,559,2.7,"69,382",4.8,"27,847",4.4,ND,0,A,A,,0,0,0,0,0,0,77.3,4.1,0.2
PC103,Hortense,GrbW,3/22/2016,Spring,Wet,Mainstem,1230,11.9,194.4,12.8,5.5,7.69,1.2,,363,2.6,"65,487",4.8,"27,326",4.4,ND,0,A,A,,0,0,0,0,0,0,77.3,4.1,0.2
PC117,Hortense,GrbW,4/6/2016,Spring,Wet,Mainstem,950,12.32,257,9.43,7.3,,2,,643,2.8,"51,534",4.7,"11,291",4.1,ND,0,P,P,3.61,0,0,0,0,0,0,77.3,4.1,0.2
PC133,Hortense,GrbW,4/20/2016,Spring,Wet,Mainstem,1208,18.3,242.4,9.7,7.57,7.7,2.1,,307,2.5,"13,187",4.1,"8,171",3.9,ND,0,P,A,,0,0,0,0,0,0,77.3,4.1,0.2
PC147,Hortense,GrbW,5/3/2016,Spring,Wet,Mainstem,1125,20.2,215.3,7.08,7.33,7.675,3.8,,662,2.8,"24,485",4.4,"10,238",4,ND,0,P,P,,0.02,0.04,0.5,0.001,0.001,0.007,77.3,4.1,0.2
PC163,Hortense,GrbW,5/17/2016,Spring,Wet,Mainstem,1211,19.3,102.3,7.89,7.23,7.4,24.9,,"19,330",4.3,"1,497,842",6.2,"504,035",5.7,"36,189",4.6,P,A,,0.74,0.74,0.74,0.031,0.015,0.01,77.3,4.1,0.2
PC177,Hortense,GrbW,6/1/2016,Spring,Wet,Mainstem,1130,23.2,298.7,7.33,7.44,7.7,2.3,,610,2.8,LOQ,2.7,"4,695",3.7,ND,0,P,A,,0,0,0,0,0,0,77.3,4.1,0.2
PC191,Hortense,GrbW,6/14/2016,Spring,Wet,Mainstem,1119,24.9,259.3,7.19,7.95,7.82,3.1,,369,2.6,LOQ,2.7,LOQ,2.7,LOQ,3,P,A,,0,0,0,0,0,0,77.3,4.1,0.2
PC210,Hortense,GrbW,6/28/2016,Summer,Dry,Mainstem,1125,25.3,248.7,7.08,7.41,7.76,2.61,,771,2.9,ND,2.7,"12,500",4.1,ND,0,A,P,,0.06,0.15,0.15,0.003,0.003,0.002,77.3,4.1,0.2
PC223,Hortense,GrbW,7/12/2016,Summer,Dry,Mainstem,1207,25.4,277.6,7.24,7.57,7.46,3.07,,200,2.3,LOQ,2.7,"2,290",3.4,ND,0,P,A,,0.06,0.06,0.06,0.003,0.001,0.001,77.3,4.1,0.2
PC241,Hortense,GrbW,7/26/2016,Summer,Dry,Mainstem,1122,26.1,330.4,6.33,7.43,7.77,3.62,,270,2.4,ND,2.7,"5,603",3.7,ND,0,A,A,,0,0,0,0,0,0,77.3,4.1,0.2
PC251,Hortense,GrbW,8/9/2016,Summer,Dry,Mainstem,1216,25.5,177.7,6.68,7.4,7.72,19.2,,"3,388",3.5,"39,955",4.6,"20,577",4.3,ND,0,P,A,,0.07,0.35,0.35,0.003,0.007,0.005,77.3,4.1,0.2
PC263,Hortense,GrbW,8/30/2016,Summer,Dry,Mainstem,1232,25,277.8,7.6,7.62,7.76,3.19,,284,2.5,ND,2.7,"1,382",3.1,"3,132",3.5,P,P,,0,0,0,0,0,0,77.3,4.1,0.2
PC275,Hortense,GrbW,9/15/2016,Summer,Dry,Mainstem,1218,23.5,267.7,7.11,7.38,7.72,2.02,,240,2.4,ND,0,"3,848",3.6,ND,0,P,A,,0,0,0.06,0,0,0.001,77.3,4.1,0.2
PC287,Hortense,GrbW,9/27/2016,Fall,Dry,Mainstem,1148,23,270.1,6.84,7.52,7.86,2.16,,236,2.4,ND,0,"7,574",3.9,ND,0,P,P,,0,0,0,0,0,0,77.3,4.1,0.2
PC304,Hortense,GrbW,10/18/2016,Fall,Dry,Mainstem,1115,18.3,233.5,6.76,7.42,7.82,4.37,,284,2.5,ND,0,"2,392",3.4,ND,0,P,A,1.1,0,0,0.03,0,0,0,77.3,4.1,0.2
PC314,Hortense,GrbW,10/25/2016,Fall,Dry,Mainstem,1232,14,226.7,9.6,7.45,7.81,2.22,,119,2.1,ND,0,"3,187",3.5,ND,0,P,A,,0,0,0,0,0,0,77.3,4.1,0.2
PC326,Hortense,GrbW,11/7/2016,Fall,Dry,Mainstem,1249,14.1,226.6,8.22,7.41,7.83,2.89,,166,2.2,"4,981",3.7,"7,768",3.9,ND,0,P,A,,0,0,0,0,0,0,77.3,4.1,0.2
PC338,Hortense,GrbW,11/21/2016,Fall,Dry,Mainstem,1221,7.5,200.8,9.81,7.5,7.84,1.52,,292,2.5,"1,248",3.1,"1,006",3,ND,0,P,A,,0,0,0,0,0,0,77.3,4.1,0.2
PC350,Hortense,GrbW,12/5/2016,Fall,Dry,Mainstem,1306,11.1,77.8,8.8,7.17,7.78,10.63,,985,3,"76,709",4.9,"12,686",4.1,"4,280",3.6,A,A,,0.21,0.7,0.7,0.009,0.015,0.01,77.3,4.1,0.2
PC362,Hortense,GrbW,12/19/2016,Fall,Dry,Mainstem,1238,7.9,118.7,10.6,7.33,7.77,7.17,,"2,219",3.3,"150,922",5.2,"75,902",4.9,"2,452",3.4,P,A,,0.15,0.32,0.33,0.006,0.007,0.005,77.3,4.1,0.2
PC375,Hortense,GrbW,1/3/2017,Winter,Wet,Mainstem,1238,13.4,115.4,9.45,7.35,7.7,20.1,,"2,982",3.5,"121,894",5.1,"98,364",5,"5,610",3.7,A,P,,1.68,2.24,2.64,0.07,0.047,0.037,77.3,4.1,0.2
PC394,Hortense,GrbW,1/24/2017,Winter,Wet,Mainstem,1225,9.32,251,10.51,6.84,NA,5.35,,"2,356",3.4,"255,925",5.4,"125,900",5.1,ND,0,A,A,3.0*,0,0.65,1.27,0,0.014,0.018,77.3,4.1,0.2
PC407,Hortense,GrbW,2/9/2017,Winter,Wet,Mainstem,1218,12.1,93,10.18,7.38,7.69,37.3,,"3,656",3.6,"38,781",4.6,"43,348",4.6,"9,283",4,P,P,,0.17,0.84,0.86,0.007,0.018,0.012,77.3,4.1,0.2
PC420,Hortense,GrbW,2/22/2017,Winter,Wet,Mainstem,1155,15.4,138.5,9.62,7.42,7.68,5.6,,"1,086",3,"86,850",4.9,"38,781",4.6,ND,0,A,P,,0.32,0.32,0.32,0.013,0.007,0.004,77.3,4.1,0.2
PC433,Hortense,GrbW,3/8/2017,Winter,Wet,Mainstem,1148,15.3,120.4,10.06,7.38,7.77,11.8,,"1,212",3.1,"175,381",5.2,"37,353",4.6,LOQ,3,P,P,,0.54,0.54,0.54,0.023,0.011,0.008,77.3,4.1,0.2
PC448,Hortense,GrbW,3/21/2017,Spring,Wet,Mainstem,1240,16.2,203.7,12.7,8.15,7.85,1.05,,261,2.4,"105,410",5,"9,518",4,ND,0,A,P,,0,0,0,0,0,0,77.3,4.1,0.2
PC477,Hortense,GrbW,4/4/2017,Spring,Wet,Mainstem,1257,19.5,164.5,8.81,7.34,7.75,5.67,,"1,479",3.2,"313,663",5.5,"26,433",4.4,"37,878",4.6,P,P,,0.18,0.63,0.63,0.008,0.013,0.009,77.3,4.1,0.2
PC495,Hortense,GrbW,4/11/2017,Spring,Wet,Mainstem,1220,17.56,309,9.91,7.41,,2.84,,121,2.1,"11,464",4.1,"2,693",3.4,ND,0,P,P,2.51*,0,0,0,0,0,0,77.3,4.1,0.2
PC507,Hortense,GrbW,5/3/2017,Spring,Wet,Mainstem,1110,17.1,229.7,8.14,7.37,7.78,1.27,,539,2.7,"1,547",3.2,"2,640",3.4,ND,0,P,P,,0,0.01,0.31,0,0,0.004,77.3,4.1,0.2
PC521,Hortense,GrbW,5/16/2017,Spring,Wet,Mainstem,1214,21.7,287.2,8.3,7.37,7.76,1.65,308.1,982,3,"2,967",3.5,"12,533",4.1,ND,0,A,P,,0,0,0.31,0,0,0.004,77.3,4.1,0.2
PC535,Hortense,GrbW,5/31/2017,Spring,Wet,Mainstem,1118,20.8,88.1,7.83,7.12,7.69,26.3,95.6,"6,559",3.8,"27,488",4.4,"123,311",5.1,"18,966",4.3,P,P,,0.66,2.26,2.26,0.028,0.047,0.031,77.3,4.1,0.2
PC554,Hortense,GrbW,7/18/2017,Summer,Dry,Mainstem,1250,24.14,164,8.07,7.42,,16.7,,"5,286",3.7,"6,822",3.8,"49,123",4.7,LOQ,3,P,A,,0,0.18,0.34,0,0.004,0.005,77.3,4.1,0.2
PC567,Hortense,GrbW,7/25/2017,Summer,Dry,Mainstem,1130,24.8,200,6.64,7.34,7.72,2.97,200.4,515,2.7,LOQ,2.7,"3,004",3.5,ND,0,P,P,,1.22,1.54,1.54,0.051,0.032,0.021,77.3,4.1,0.2
PC8-0915,James Jackson,GrbW,9/1/2015,Summer,Dry,Mainstem,11:20:00 AM,,,,,,,,548,2.7,"4,000",3.6,"4,000",3.6,,,,,,0.03,0.19,0.75,0.002,0.004,0.01,60.1,13.1,1
PC3,James Jackson,GrbW,11/23/2015,Fall,Dry,Mainstem,1152,7.8,184.9,10.89,7.27,NA,NA,,824,2.9,"26,183",4.4,"22,629",4.4,ND,0,A,A,,0,0,0,0,0,0,60.1,13.1,1
PC17,James Jackson,GrbW,12/7/2015,Fall,Dry,Mainstem,1111,8.9,173.6,12.34,7.57,NA,NA,,"1,068",3,"22,183",4.3,"37,008",4.6,ND,0,A,A,,0,0,0,0,0,0,60.1,13.1,1
PC41,James Jackson,GrbW,1/12/2016,Winter,Wet,Mainstem,1230,4.54,258,12.87,7.53,,2.9,,880,2.9,"292,935",5.5,,,ND,0,P,A,,0,0,0.3,0,0,0.004,60.1,13.1,1
PC46,James Jackson,GrbW,1/26/2016,Winter,Wet,Mainstem,1041,6.8,166.2,11.09,6.7,NA,NA,,"1,427",3.2,"167,194",5.2,"53,930",4.7,ND,0,P,A,,0,0,0,0,0,0,60.1,13.1,1
PC59,James Jackson,GrbW,2/9/2016,Winter,Wet,Mainstem,1123,6,175,11.56,7.32,NA,NA,,973,3,"219,034",5.3,"19,843",4.3,ND,0,A,A,,0,0,0,0,0,0,60.1,13.1,1
PC73,James Jackson,GrbW,2/23/2016,Winter,Wet,Mainstem,1145,13.4,87.2,9.54,7.55,NA,NA,,"2,343",3.4,"41,934",4.6,"40,560",4.6,"4,788",3.7,P,A,,1.01,1.11,1.13,0.042,0.023,0.016,60.1,13.1,1
PC87,James Jackson,GrbW,3/8/2016,Winter,Wet,Mainstem,1143,12.6,204.6,14.09,7.7,NA,NA,,181,2.3,"10,407",4,"8,068",3.9,ND,0,A,P,,0,0,0,0,0,0,60.1,13.1,1
PC100,James Jackson,GrbW,3/22/2016,Spring,Wet,Mainstem,1145,10.4,203.8,12.48,5.5,NA,1.78,,621,2.8,"32,847",4.5,"35,569",4.6,ND,0,A,P,,0,0,0,0,0,0,60.1,13.1,1
PC119,James Jackson,GrbW,4/6/2016,Spring,Wet,Mainstem,1135,13.22,286,11.43,7.8,,1.9,,421,2.6,"10,565",4,"6,495",3.8,ND,0,A,P,10,0,0,0,0,0,0,60.1,13.1,1
PC130,James Jackson,GrbW,4/20/2016,Spring,Wet,Mainstem,1106,17.3,249.5,12.08,8.03,NA,2.3,,"2,424",3.4,"7,042",3.8,"19,295",4.3,ND,0,P,A,,0,0,0,0,0,0,60.1,13.1,1
PC144,James Jackson,GrbW,5/3/2016,Spring,Wet,Mainstem,1035,20.5,211.4,7.58,7.45,NA,4.6,,"1,406",3.1,"29,066",4.5,"20,957",4.3,ND,0,P,P,,0.02,0.04,0.5,0.001,0.001,0.007,60.1,13.1,1
PC160,James Jackson,GrbW,5/17/2016,Spring,Wet,Mainstem,1121,18.2,156.7,7.57,7.34,NA,32.8,,"7,906",3.9,"283,426",5.5,"155,430",5.2,"5,687",3.8,P,A,,0.74,0.74,0.74,0.031,0.015,0.01,60.1,13.1,1
PC174,James Jackson,GrbW,6/1/2016,Spring,Wet,Mainstem,1042,22.7,247.7,7.36,7.54,NA,2.9,,892,3,LOQ,2.7,"15,399",4.2,ND,0,P,A,,0,0,0,0,0,0,60.1,13.1,1
PC188,James Jackson,GrbW,6/14/2016,Spring,Wet,Mainstem,1036,25.1,275.4,7.37,7.48,NA,2.6,,176,2.2,LOQ,2.7,LOQ,2.7,ND,0,P,P,,0,0,0,0,0,0,60.1,13.1,1
PC207,James Jackson,GrbW,6/28/2016,Summer,Dry,Mainstem,1040,25.2,253.9,6.66,7.44,NA,2.81,,193,2.3,ND,2.7,"5,010",3.7,ND,0,P,A,,0.06,0.15,0.15,0.003,0.003,0.002,60.1,13.1,1
PC220,James Jackson,GrbW,7/12/2016,Summer,Dry,Mainstem,1120,24.9,336.9,7.85,7.82,NA,2.55,,127,2.1,ND,2.7,"4,157",3.6,ND,0,P,P,,0.06,0.06,0.06,0.003,0.001,0.001,60.1,13.1,1
PC243,James Jackson,GrbW,7/26/2016,Summer,Dry,Mainstem,1230,27.24,261,8.74,8,NA,2.03,,120,2.1,ND,2.7,LOQ,2.7,ND,0,P,A,,0,0,0,0,0,0,60.1,13.1,1
PC248,James Jackson,GrbW,8/9/2016,Summer,Dry,Mainstem,1128,25.9,182.8,6.66,7.55,NA,23.6,,"1,159",3.1,ND,2.7,"5,030",3.7,ND,0,P,A,,0.07,0.35,0.35,0.003,0.007,0.005,60.1,13.1,1
PC260,James Jackson,GrbW,8/30/2016,Summer,Dry,Mainstem,1135,24.1,276.1,7.74,7.75,NA,2.37,,164,2.2,ND,2.7,LOQ,2.7,ND,0,P,P,,0,0,0,0,0,0,60.1,13.1,1
PC272,James Jackson,GrbW,9/15/2016,Summer,Dry,Mainstem,1133,22.6,264.8,6.77,7.45,NA,2.02,,155,2.2,ND,0,"5,871",3.8,ND,0,P,A,,0,0,0.06,0,0,0.001,60.1,13.1,1
PC284,James Jackson,GrbW,9/27/2016,Fall,Dry,Mainstem,1058,22.4,271,6.84,7.61,NA,2.5,,294,2.5,LOQ,2.7,"7,967",3.9,ND,0,P,P,,0,0,0,0,0,0,60.1,13.1,1
PC306,James Jackson,GrbW,10/18/2016,Fall,Dry,Mainstem,1145,17.68,312,8.45,7.72,NA,2.1,,290,2.5,ND,0,"6,657",3.8,ND,0,A,A,1.3,0,0,0.03,0,0,0,60.1,13.1,1
PC311,James Jackson,GrbW,10/25/2016,Fall,Dry,Mainstem,1146,12.7,240.2,8.41,7.68,NA,1.23,,134,2.1,ND,0,"1,186",3.1,ND,0,P,A,,0,0,0,0,0,0,60.1,13.1,1
PC323,James Jackson,GrbW,11/7/2016,Fall,Dry,Mainstem,1153,12.4,245.2,8.93,7.48,NA,1.38,,222,2.3,LOQ,2.7,"13,310",4.1,ND,0,A,P,,0,0,0,0,0,0,60.1,13.1,1
PC335,James Jackson,GrbW,11/21/2016,Fall,Dry,Mainstem,1130,6.4,217.4,10.35,7.71,NA,1.47,,197,2.3,ND,0,LOQ,2.7,ND,0,P,P,,0,0,0,0,0,0,60.1,13.1,1
PC347,James Jackson,GrbW,12/5/2016,Fall,Dry,Mainstem,1220,10.5,93.7,9.68,7.37,NA,11.8,,992,3,"57,026",4.8,"10,742",4,"4,717",3.7,P,A,,0.22,0.7,0.7,0.009,0.015,0.01,60.1,13.1,1
PC359,James Jackson,GrbW,12/19/2016,Fall,Dry,Mainstem,1154,7.2,155.8,11.3,7.57,NA,7.69,,560,2.7,"18,205",4.3,"5,526",3.7,ND,0,P,P,,0.15,0.32,0.33,0.006,0.007,0.005,60.1,13.1,1
PC372,James Jackson,GrbW,1/3/2017,Winter,Wet,Mainstem,1150,12.8,110.3,9.47,7.35,NA,57.2,,"2,766",3.4,LOQ,2.7,"3,219",3.5,ND,0,P,P,,1.68,2.24,2.64,0.07,0.047,0.037,60.1,13.1,1
PC396,James Jackson,GrbW,1/24/2017,Winter,Wet,Mainstem,1215,11.33,227,10.34,7.06,NA,9.97,,"1,035",3,"224,534",5.4,"55,871",4.7,LOQ,3,P,A,11.0*,0,0.65,1.49,0,0.014,0.021,60.1,13.1,1
PC401,James Jackson,GrbW,2/9/2017,Winter,Wet,Mainstem,1109,11.4,92,9.19,7.19,NA,34.8,,"6,057",3.8,"104,882",5,"103,187",5,"31,537",4.5,P,A,,0.17,0.84,0.86,0.007,0.018,0.012,60.1,13.1,1
PC417,James Jackson,GrbW,2/22/2017,Winter,Wet,Mainstem,1106,14.7,168.9,8.73,7.49,NA,4.98,,840,2.9,"47,285",4.7,"31,003",4.5,ND,0,A,P,,0.32,0.32,0.32,0.013,0.007,0.004,60.1,13.1,1
PC430,James Jackson,GrbW,3/8/2017,Winter,Wet,Mainstem,1104,14.2,108.8,9.84,7.28,NA,15.5,,"1,949",3.3,"104,956",5,"34,411",4.5,"33,542",4.5,P,P,,0.54,0.54,0.54,0.023,0.011,0.008,60.1,13.1,1
PC444,James Jackson,GrbW,3/21/2017,Spring,Wet,Mainstem,1142,13.7,208.1,10.81,7.83,NA,1.52,,87,1.9,LOQ,2.7,"2,603",3.4,ND,0,A,P,,0,0,0,0,0,0,60.1,13.1,1
PC456,James Jackson,GrbW,3/24/2017,Spring,Wet,Mainstem,1305,15.9,190.5,12.4,8.35,NA,1.96,,93,2,LOQ,2.7,LOQ,2.7,ND,0,A,P,,0,0,0.25,0,0,0.003,60.1,13.1,1
PC462,James Jackson,GrbW,3/26/2017,Spring,Wet,Mainstem,1730,NA,NA,NA,NA,NA,7.13,,"4,591",3.7,"19,285",4.3,"18,429",4.3,ND,0,P,P,,0.3,0.3,0.3,0.013,0.006,0.004,60.1,13.1,1
PC463,James Jackson,GrbW,3/27/2017,Spring,Wet,Mainstem,1256,17.7,152.8,10.4,7.91,NA,3.71,,427,2.6,"1,779",3.3,"5,643",3.8,ND,0,P,P,,0,0.3,0.3,0,0.006,0.004,60.1,13.1,1
PC464,James Jackson,GrbW,4/3/2017,Spring,Wet,Mainstem,1250,NA,NA,NA,NA,NA,33.9,,"4,295",3.6,LOQ,2.7,"46,509",4.7,ND,0,Sample Missing,Sample Missing,,0.45,0.45,0.45,0.019,0.009,0.006,60.1,13.1,1
PC474,James Jackson,GrbW,4/4/2017,Spring,Wet,Mainstem,1155,17.7,132.7,7.35,7.32,NA,14.1,,"3,455",3.5,"136,297",5.1,"50,952",4.7,"25,516",4.4,P,P,,0.41,0.63,0.63,0.017,0.013,0.009,60.1,13.1,1
PC497,James Jackson,GrbW,4/11/2017,Spring,Wet,Mainstem,1200,16.71,288,10.48,7.36,,3.47,,125,2.1,"2,701",3.4,"1,578",3.2,ND,0,P,P,7.71*,0,0,0,0,0,0,60.1,13.1,1
PC504,James Jackson,GrbW,5/3/2017,Spring,Wet,Mainstem,1026,16.8,222.4,7.76,7.31,NA,2.11,,266,2.4,ND,0,"2,198",3.3,ND,0,P,P,,0,0.01,0.31,0,0,0.004,60.1,13.1,1
PC518,James Jackson,GrbW,5/16/2017,Spring,Wet,Mainstem,1123,21,253,8.14,7.45,NA,1.8,273.6,546,2.7,ND,0,"5,157",3.7,ND,0,P,P,,0,0,0.31,0,0,0.004,60.1,13.1,1
PC532,James Jackson,GrbW,5/31/2017,Spring,Wet,Mainstem,1028,20.4,94.4,7.72,7.15,NA,51.7,103.5,"13,461",4.1,"21,195",4.3,"203,622",5.3,"44,013",4.6,P,P,,1.13,2.26,2.26,0.047,0.047,0.031,60.1,13.1,1
PC556,James Jackson,GrbW,7/18/2017,Summer,Dry,Mainstem,1300,24.08,154,7.85,7.11,,25.9,,"6,434",3.8,"13,835",4.1,"77,112",4.9,"4,617",3.7,A,P,,0,0.18,0.34,0,0.004,0.005,60.1,13.1,1
PC564,James Jackson,GrbW,7/25/2017,Summer,Dry,Mainstem,1052,24.8,181.6,5.99,7.48,NA,31.5,182,"2,273",3.4,"3,633",3.6,"12,649",4.1,ND,0,P,P,,1.22,1.54,1.54,0.051,0.032,0.021,60.1,13.1,1
PC7-0915,Kerry Circle,GrbW,9/1/2015,Summer,Dry,Mainstem,11:00:00 AM,,,,,,,,"1,794",3.3,"9,559",4,"48,781",4.7,,,,,,0.07,0.21,0.75,0.003,0.004,0.01,69.7,8.6,1
PC5,Kerry Circle,GrbW,11/23/2015,Fall,Dry,Mainstem,1227,9.5,221.3,9.58,7.36,NA,NA,,708,2.9,"15,325",4.2,"20,401",4.3,ND,0,A,A,,0,0,0,0,0,0,69.7,8.6,1
PC19,Kerry Circle,GrbW,12/7/2015,Fall,Dry,Mainstem,1138,10,194,11.75,7.63,NA,NA,,"2,581",3.4,"67,016",4.8,"31,853",4.5,ND,0,A,A,,0,0,0,0,0,0,69.7,8.6,1
PC40,Kerry Circle,GrbW,1/12/2016,Winter,Wet,Mainstem,1115,5.02,277,11.76,7.36,,4.5,,"1,411",3.1,"279,416",5.4,,,ND,0,P,A,,0,0,0.3,0,0,0.004,69.7,8.6,1
PC48,Kerry Circle,GrbW,1/26/2016,Winter,Wet,Mainstem,1113,7.4,188.3,9.74,6.95,NA,NA,,"1,189",3.1,"402,015",5.6,"49,372",4.7,ND,0,P,A,,0,0,0,0,0,0,69.7,8.6,1
PC61,Kerry Circle,GrbW,2/9/2016,Winter,Wet,Mainstem,1155,6.5,199.8,10.41,7.33,NA,NA,,505,2.7,"166,860",5.2,"15,875",4.2,ND,0,P,A,,0,0,0,0,0,0,69.7,8.6,1
PC75,Kerry Circle,GrbW,2/23/2016,Winter,Wet,Mainstem,1210,13.6,93.8,8.26,7.61,NA,NA,,"4,758",3.7,"102,756",5,"69,175",4.8,"11,476",4.1,P,A,,1.01,1.11,1.14,0.042,0.023,0.016,69.7,8.6,1
PC89,Kerry Circle,GrbW,3/8/2016,Winter,Wet,Mainstem,1215,13.8,254.4,14.08,7.6,NA,NA,,188,2.3,"12,115",4.1,"15,044",4.2,ND,0,A,P,,0,0,0,0,0,0,69.7,8.6,1
PC102,Kerry Circle,GrbW,3/22/2016,Spring,Wet,Mainstem,1215,11.3,244.5,14.21,6,NA,2.09,,301,2.5,"28,948",4.5,"23,400",4.4,ND,0,A,A,,0,0,0,0,0,0,69.7,8.6,1
PC118,Kerry Circle,GrbW,4/6/2016,Spring,Wet,Mainstem,1030,12.66,340,10.27,7.52,,4,,"1,028",3,"20,007",4.3,"12,384",4.1,ND,0,A,P,5.74,0,0,0,0,0,0,69.7,8.6,1
PC132,Kerry Circle,GrbW,4/20/2016,Spring,Wet,Mainstem,1141,17.9,283.4,8.85,7.61,NA,2.7,,"1,172",3.1,"38,691",4.6,"24,087",4.4,ND,0,A,A,,0,0,0,0,0,0,69.7,8.6,1
PC146,Kerry Circle,GrbW,5/3/2016,Spring,Wet,Mainstem,1108,20.6,224.8,5.97,7.26,NA,5.3,,"2,861",3.5,"9,908",4,"26,318",4.4,ND,0,P,P,,0.02,0.04,0.5,0.001,0.001,0.007,69.7,8.6,1
PC162,Kerry Circle,GrbW,5/17/2016,Spring,Wet,Mainstem,1152,18.8,110.5,7.36,7.29,NA,23.9,,"8,623",3.9,"137,452",5.1,"97,275",5,LOQ,3,P,A,,0.74,0.74,0.74,0.031,0.015,0.01,69.7,8.6,1
PC176,Kerry Circle,GrbW,6/1/2016,Spring,Wet,Mainstem,1112,23.7,259,6.12,7.37,NA,3.3,,"28,311",4.5,"128,571",5.1,"131,874",5.1,ND,0,P,A,,0,0,0,0,0,0,69.7,8.6,1
PC190,Kerry Circle,GrbW,6/14/2016,Spring,Wet,Mainstem,1104,25.8,307.2,6.17,7.34,NA,3.1,,"2,777",3.4,"8,496",3.9,"18,445",4.3,ND,0,P,A,,0,0,0,0,0,0,69.7,8.6,1
PC209,Kerry Circle,GrbW,6/28/2016,Summer,Dry,Mainstem,1109,25.8,236.6,5.08,7.23,NA,4.13,,534,2.7,LOQ,2.7,"20,931",4.3,ND,0,P,P,,0.06,0.15,0.15,0.003,0.003,0.002,69.7,8.6,1
PC222,Kerry Circle,GrbW,7/12/2016,Summer,Dry,Mainstem,1150,25.2,365.5,6.55,7.5,NA,3.28,,"3,627",3.6,"10,252",4,"45,838",4.7,ND,0,P,A,,0.06,0.06,0.06,0.003,0.001,0.001,69.7,8.6,1
PC242,Kerry Circle,GrbW,7/26/2016,Summer,Dry,Mainstem,1155,26.8,309.1,5.81,7.4,NA,3.45,,"1,024",3,"2,329",3.4,"5,262",3.7,ND,0,P,A,,0,0,0,0,0,0,69.7,8.6,1
PC250,Kerry Circle,GrbW,8/9/2016,Summer,Dry,Mainstem,1157,26,187.9,6.39,7.38,NA,45,,"4,411",3.6,"5,557",3.7,"33,964",4.5,ND,0,P,A,,0.07,0.35,0.35,0.003,0.007,0.005,69.7,8.6,1
PC262,Kerry Circle,GrbW,8/30/2016,Summer,Dry,Mainstem,1213,25.1,301.3,7.01,7.55,NA,2.76,,"1,404",3.1,"3,410",3.5,"12,050",4.1,ND,0,P,P,,0,0,0,0,0,0,69.7,8.6,1
PC274,Kerry Circle,GrbW,9/15/2016,Summer,Dry,Mainstem,1200,24,276.7,6.39,7.32,NA,2.74,,663,2.8,ND,0,"11,377",4.1,ND,0,P,P,,0,0,0.06,0,0,0.001,69.7,8.6,1
PC286,Kerry Circle,GrbW,9/27/2016,Fall,Dry,Mainstem,1127,23.6,279.5,8.17,7.45,NA,3.74,,352,2.5,LOQ,2.7,"8,303",3.9,ND,0,P,P,,0,0,0,0,0,0,69.7,8.6,1
PC305,Kerry Circle,GrbW,10/18/2016,Fall,Dry,Mainstem,1140,19.1,299.9,7.71,7.36,NA,2.16,,165,2.2,ND,0,"3,358",3.5,ND,0,P,A,0.79,0,0,0.03,0,0,0,69.7,8.6,1
PC313,Kerry Circle,GrbW,10/25/2016,Fall,Dry,Mainstem,1214,14.7,248.3,9.07,7.63,NA,2.85,,125,2.1,ND,0,"4,106",3.6,ND,0,A,A,,0,0,0,0,0,0,69.7,8.6,1
PC325,Kerry Circle,GrbW,11/7/2016,Fall,Dry,Mainstem,1219,14.3,250,10.92,7.64,NA,2.43,,297,2.5,ND,0,"8,373",3.9,ND,0,P,A,,0,0,0,0,0,0,69.7,8.6,1
PC337,Kerry Circle,GrbW,11/21/2016,Fall,Dry,Mainstem,1156,8.4,238.1,11.47,7.25,NA,1.48,,110,2,LOQ,2.7,LOQ,2.7,ND,0,P,A,,0,0,0,0,0,0,69.7,8.6,1
PC349,Kerry Circle,GrbW,12/5/2016,Fall,Dry,Mainstem,1248,11,101.2,8.34,7.19,NA,9.48,,"1,400",3.1,"204,544",5.3,"22,431",4.4,"8,188",3.9,A,A,,0.21,0.7,0.7,0.009,0.015,0.01,69.7,8.6,1
PC361,Kerry Circle,GrbW,12/19/2016,Fall,Dry,Mainstem,1222,7.8,156.4,10.58,7.44,NA,6.54,,"1,427",3.2,"73,278",4.9,"52,825",4.7,ND,0,P,P,,0.15,0.32,0.33,0.006,0.007,0.005,69.7,8.6,1
PC374,Kerry Circle,GrbW,1/3/2017,Winter,Wet,Mainstem,1218,13,118.3,8.75,7.28,NA,28.3,,"2,233",3.3,"43,229",4.6,"88,099",4.9,"6,671",3.8,A,A,,1.68,2.24,2.64,0.07,0.047,0.037,69.7,8.6,1
PC395,Kerry Circle,GrbW,1/24/2017,Winter,Wet,Mainstem,1310,13.32,272,9.6,7.53,NA,10.56,,"5,454",3.7,"1,297,444",6.1,"230,296",5.4,LOQ,3,A,A,5.33,0,0.65,1.08,0,0.014,0.015,69.7,8.6,1
PC403,Kerry Circle,GrbW,2/9/2017,Winter,Wet,Mainstem,1139,11.5,134.6,9.11,7.26,NA,35.6,,"4,868",3.7,"126,792",5.1,"91,885",5,"26,562",4.4,P,P,,0.17,0.84,0.86,0.007,0.018,0.012,69.7,8.6,1
PC419,Kerry Circle,GrbW,2/22/2017,Winter,Wet,Mainstem,1132,15.1,161.9,9.07,7.29,NA,6.72,,"3,507",3.5,"865,125",5.9,"120,184",5.1,"7,943",3.9,P,P,,0.32,0.32,0.32,0.013,0.007,0.004,69.7,8.6,1
PC432,Kerry Circle,GrbW,3/8/2017,Winter,Wet,Mainstem,1132,15.1,125.9,8.94,7.39,NA,15.1,,"2,107",3.3,"193,755",5.3,"44,117",4.6,"25,623",4.4,P,P,,0.54,0.54,0.54,0.023,0.011,0.008,69.7,8.6,1
PC446,Kerry Circle,GrbW,3/21/2017,Spring,Wet,Mainstem,1212,14.4,228.4,11.5,7.31,NA,1.92,,524,2.7,"6,290",3.8,"5,958",3.8,ND,0,A,P,,0,0,0,0,0,0,69.7,8.6,1
PC476,Kerry Circle,GrbW,4/4/2017,Spring,Wet,Mainstem,1241,18.9,138.8,6.97,7.13,NA,8.14,,"2,198",3.3,"49,567",4.7,"31,116",4.5,"17,302",4.2,P,P,,0.23,0.63,0.63,0.01,0.013,0.009,69.7,8.6,1
PC496,Kerry Circle,GrbW,4/11/2017,Spring,Wet,Mainstem,1310,17.78,307,9.74,7.33,,3.97,,268,2.4,"1,300",3.1,"2,964",3.5,ND,0,P,P,3.6,0,0,0,0,0,0,69.7,8.6,1
PC506,Kerry Circle,GrbW,5/3/2017,Spring,Wet,Mainstem,1052,17.8,244.2,6.4,7.21,NA,3.03,,"1,042",3,ND,0,"5,619",3.7,ND,0,P,P,,0,0.01,0.31,0,0,0.004,69.7,8.6,1
PC520,Kerry Circle,GrbW,5/16/2017,Spring,Wet,Mainstem,1154,22,281.2,6.22,7.06,NA,4.58,297.2,"1,482",3.2,ND,0,"16,161",4.2,ND,0,P,P,,0,0,0.31,0,0,0.004,69.7,8.6,1
PC534,Kerry Circle,GrbW,5/31/2017,Spring,Wet,Mainstem,1056,20.6,102.7,6.87,7.06,NA,37.6,112.2,"9,311",4,"17,241",4.2,"184,809",5.3,"26,056",4.4,P,P,,1.05,2.26,2.26,0.044,0.047,0.031,69.7,8.6,1
PC555,Kerry Circle,GrbW,7/18/2017,Summer,Dry,Mainstem,1320,23.35,182,6.9,7.44,,28.7,,"13,326",4.1,"14,746",4.2,"155,530",5.2,"3,575",3.6,P,A,,0,0.18,0.34,0,0.004,0.005,69.7,8.6,1
PC566,Kerry Circle,GrbW,7/25/2017,Summer,Dry,Mainstem,1114,24.5,214.9,3.45,7.09,NA,14.7,217,"1,177",3.1,LOQ,2.7,"7,992",3.9,ND,0,P,P,,1.22,1.54,1.54,0.051,0.032,0.021,69.7,8.6,1
PC14-0915,Lillian Cooper Park,GrbW,9/1/2015,Summer,Dry,Tributary,11:40:00 AM,,,,,,,,519,2.7,"4,000",3.6,"4,000",3.6,,,,,,0.02,0.19,0.75,0.001,0.004,0.01,47.8,21.3,0
PC2,Lillian Cooper Park,GrbW,11/23/2015,Fall,Dry,Tributary,1137,10.2,99.2,7.56,7.38,NA,NA,,294,2.5,ND,0,"9,568",4,ND,0,P,P,,0,0,0,0,0,0,47.8,21.3,0
PC16,Lillian Cooper Park,GrbW,12/7/2015,Fall,Dry,Tributary,1056,11.3,101.2,7.17,7.65,NA,NA,,598,2.8,ND,0,"19,764",4.3,ND,0,P,A,,0,0,0,0,0,0,47.8,21.3,0
PC33,Lillian Cooper Park,GrbW,1/12/2016,Winter,Wet,Tributary,1150,7.58,140,10.21,7.39,,5.7,,145,2.2,ND,0,,,ND,0,A,A,,0,0,0.27,0,0,0.004,47.8,21.3,0
PC45,Lillian Cooper Park,GrbW,1/26/2016,Winter,Wet,Tributary,1030,8.4,99.5,9.18,6.78,NA,NA,,679,2.8,"45,823",4.7,"8,986",4,ND,0,A,A,,0,0,0,0,0,0,47.8,21.3,0
PC58,Lillian Cooper Park,GrbW,2/9/2016,Winter,Wet,Tributary,1108,7.8,101.7,8.66,7.35,NA,NA,,99,2,"9,835",4,"4,451",3.6,ND,0,A,A,,0,0,0,0,0,0,47.8,21.3,0
PC72,Lillian Cooper Park,GrbW,2/23/2016,Winter,Wet,Tributary,1131,13,44.9,9.36,7.41,NA,NA,,"3,193",3.5,"2,041",3.3,"22,416",4.4,LOQ,3,A,A,,1.01,1.11,1.13,0.042,0.023,0.016,47.8,21.3,0
PC86,Lillian Cooper Park,GrbW,3/8/2016,Winter,Wet,Tributary,1128,12.3,117.5,9.41,7.28,NA,NA,,133,2.1,ND,0,"11,912",4.1,ND,0,P,A,,0,0,0,0,0,0,47.8,21.3,0
PC99,Lillian Cooper Park,GrbW,3/22/2016,Spring,Wet,Tributary,1130,11.6,116.2,9.19,6.5,NA,6.07,,271,2.4,643,2.8,"19,596",4.3,ND,0,A,A,,0,0,0,0,0,0,47.8,21.3,0
PC125,Lillian Cooper Park,GrbW,4/6/2016,Spring,Wet,Tributary,1115,12.89,170,8.62,7.08,,3.7,,906,3,<LOQ,2.7,"8,454",3.9,ND,0,P,A,0.1,0,0,0,0,0,0,47.8,21.3,0
PC129,Lillian Cooper Park,GrbW,4/20/2016,Spring,Wet,Tributary,1051,15.4,124.1,7.49,6.82,NA,5,,956,3,<LOQ,2.7,"11,043",4,ND,0,A,P,,0,0,0,0,0,0,47.8,21.3,0
PC143,Lillian Cooper Park,GrbW,5/3/2016,Spring,Wet,Tributary,1022,18.4,119.5,5.65,6.94,NA,3.3,,"1,062",3,ND,0,"11,709",4.1,ND,0,P,A,,0.02,0.04,0.5,0.001,0.001,0.007,47.8,21.3,0
PC159,Lillian Cooper Park,GrbW,5/17/2016,Spring,Wet,Tributary,1108,18.5,39.4,7.74,7.14,NA,21.4,,"6,271",3.8,ND,0,"88,180",4.9,LOQ,3,P,A,,0.74,0.74,0.74,0.031,0.015,0.01,47.8,21.3,0
PC173,Lillian Cooper Park,GrbW,6/1/2016,Spring,Wet,Tributary,1023,19.8,133.6,5.38,6.88,NA,8.2,,"3,867",3.6,ND,0,"12,544",4.1,ND,0,A,P,,0,0,0,0,0,0,47.8,21.3,0
PC187,Lillian Cooper Park,GrbW,6/14/2016,Spring,Wet,Tributary,1021,20,167.9,1.16,5.97,NA,4.6,,"7,487",3.9,ND,0,"34,311",4.5,ND,0,P,A,,0,0,0,0,0,0,47.8,21.3,0
PC206,Lillian Cooper Park,GrbW,6/28/2016,Summer,Dry,Tributary,1026,21.3,169.3,1.51,6.27,NA,7.22,,"2,006",3.3,ND,2.7,"9,078",4,ND,0,A,A,,0.06,0.15,0.15,0.003,0.003,0.002,47.8,21.3,0
PC219,Lillian Cooper Park,GrbW,7/12/2016,Summer,Dry,Tributary,1106,21.6,186.2,0.97,6.18,NA,6.83,,707,2.8,LOQ,2.7,"13,585,541",7.1,ND,0,A,P,,0.06,0.06,0.06,0.003,0.001,0.001,47.8,21.3,0
PC371,Lillian Cooper Park,GrbW,1/3/2017,Winter,Wet,Tributary,1136,12,46.3,9.38,6.78,NA,323,,549,2.7,ND,0,LOQ,2.7,ND,0,A,P,,1.68,2.25,2.64,0.07,0.047,0.037,47.8,21.3,0
PC388,Lillian Cooper Park,GrbW,1/24/2017,Winter,Wet,Tributary,1140,11.2,128,8.77,7.73,NA,24.6,,343,2.5,ND,0,LOQ,2.7,ND,0,P,A,<0.1,0,0.65,1.88,0,0.014,0.026,47.8,21.3,0
PC400,Lillian Cooper Park,GrbW,2/9/2017,Winter,Wet,Tributary,1056,10.4,57.1,8.55,6.64,NA,11.9,,"1,406",3.1,ND,0,"56,836",4.8,"13,313",4.1,A,A,,0.17,0.84,0.86,0.007,0.018,0.012,47.8,21.3,0
PC416,Lillian Cooper Park,GrbW,2/22/2017,Winter,Wet,Tributary,1052,13.9,81.7,8.08,6.76,NA,6.38,,"5,931",3.8,ND,0,"45,816",4.7,ND,0,P,A,,0.32,0.32,0.32,0.013,0.007,0.004,47.8,21.3,0
PC429,Lillian Cooper Park,GrbW,3/8/2017,Winter,Wet,Tributary,1045,13.6,72.3,8.44,6.65,NA,12.7,,"2,888",3.5,ND,0,"20,702",4.3,ND,0,P,A,,0.54,0.54,0.54,0.023,0.011,0.008,47.8,21.3,0
PC443,Lillian Cooper Park,GrbW,3/21/2017,Spring,Wet,Tributary,1127,13.4,104.2,9.04,6.65,NA,1.95,,283,2.5,ND,0,"4,370",3.6,ND,0,A,A,,0,0,0,0,0,0,47.8,21.3,0
PC473,Lillian Cooper Park,GrbW,4/4/2017,Spring,Wet,Tributary,1127,17.1,86.1,6.69,6.57,NA,15.9,,347,2.5,ND,0,"6,187",3.8,"17,418",4.2,P,A,,0.58,0.63,0.63,0.024,0.013,0.009,47.8,21.3,0
PC489,Lillian Cooper Park,GrbW,4/11/2017,Spring,Wet,Tributary,1115,15,148,7.87,7.41,,6.47,,361,2.6,ND,0,"1,634",3.2,ND,0,P,A,<0.1,0,0,0,0,0,0,47.8,21.3,0
PC503,Lillian Cooper Park,GrbW,5/3/2017,Spring,Wet,Tributary,1011,15.1,101.9,4.92,6.37,NA,9.85,,"3,813",3.6,LOQ,2.7,"41,461",4.6,ND,0,P,A,,0,0.01,0.31,0,0,0.004,47.8,21.3,0
PC517,Lillian Cooper Park,GrbW,5/16/2017,Spring,Wet,Tributary,1108,17.2,134.3,1.24,5.59,NA,3.7,157.6,"2,879",3.5,ND,0,"34,300",4.5,ND,0,P,A,,0,0,0.31,0,0,0.004,47.8,21.3,0
PC531,Lillian Cooper Park,GrbW,5/31/2017,Spring,Wet,Tributary,1015,19.8,76.7,6.91,6.68,NA,62.9,85,"2,399",3.4,ND,0,"36,681",4.6,"5,241",3.7,P,A,,1.13,2.26,2.26,0.047,0.047,0.031,47.8,21.3,0
PC548,Lillian Cooper Park,GrbW,7/18/2017,Summer,Dry,Tributary,1215,18.63,150,3.33,6.93,,3.63,,"1,204",3.1,ND,0,"13,507",4.1,ND,0,A,A,,0,0.18,0.34,0,0.004,0.005,47.8,21.3,0
PC563,Lillian Cooper Park,GrbW,7/25/2017,Summer,Dry,Tributary,1040,23.3,140,5.85,7.12,NA,65,144.8,"24,543",4.4,ND,0,"97,646",5,ND,0,P,P,,1.22,1.54,1.54,0.051,0.032,0.021,47.8,21.3,0
PC10-0915,Lindsay Street,GrbW,9/1/2015,Summer,Dry,Tributary,11:30:00 AM,,,,,,,,484,2.7,"4,000",3.6,"4,000",3.6,,,,,,0.03,0.19,0.75,0.001,0.004,0.01,94.5,0,0
PC11,Lindsay Street,GrbW,11/23/2015,Fall,Dry,Tributary,1411,15.1,254.5,6.86,7.38,NA,NA,,389,2.6,"29,690",4.5,"6,456",3.8,ND,0,P,A,,0,0,0,0,0,0,94.5,0,0
PC24,Lindsay Street,GrbW,12/7/2015,Fall,Dry,Tributary,1244,16.5,174.4,7.67,7.69,NA,NA,,"35,807",4.6,"7,087,422",6.9,"764,945",5.9,ND,0,P,P,,0,0,0,0,0,0,94.5,0,0
PC28,Lindsay Street,GrbW,1/12/2016,Winter,Wet,Tributary,1235,14.41,358,8.67,7.05,,1.2,,795,2.9,"102,158",5,,,ND,0,A,P,,0,0,0.27,0,0,0.004,94.5,0,0
PC53,Lindsay Street,GrbW,1/26/2016,Winter,Wet,Tributary,1218,14.7,365,8.3,7.02,NA,NA,,"2,455",3.4,"16,837",4.2,"16,879",4.2,ND,0,P,A,,0,0,0,0,0,0,94.5,0,0
PC67,Lindsay Street,GrbW,2/9/2016,Winter,Wet,Tributary,1324,11.9,34.1,8.07,7.3,NA,NA,,114,2.1,"9,057",4,"4,451",3.6,ND,0,P,A,,0,0,0,0,0,0,94.5,0,0
PC81,Lindsay Street,GrbW,2/23/2016,Winter,Wet,Tributary,1322,15.3,246.6,7.12,7.01,NA,NA,,"1,118",3,"7,436",3.9,"17,328",4.2,LOQ,3,A,A,,1.01,1.13,1.16,0.042,0.024,0.016,94.5,0,0
PC94,Lindsay Street,GrbW,3/8/2016,Winter,Wet,Tributary,1311,18.1,390,9.25,7.32,NA,NA,,514,2.7,"5,973",3.8,"4,183",3.6,ND,0,P,A,,0,0,0,0,0,0,94.5,0,0
PC108,Lindsay Street,GrbW,3/22/2016,Spring,Wet,Tributary,1322,17.6,369.3,8.83,5.5,NA,5.92,,458,2.7,"27,455",4.4,"20,658",4.3,ND,0,P,P,,0,0,0,0,0,0,94.5,0,0
PC121,Lindsay Street,GrbW,4/6/2016,Spring,Wet,Tributary,1215,15.92,441,9.03,6.9,,0.7,,242,2.4,"4,223",3.6,"3,795",3.6,ND,0,P,P,0.05,0,0,0,0,0,0,94.5,0,0
PC138,Lindsay Street,GrbW,4/20/2016,Spring,Wet,Tributary,1316,20,373.7,7.09,6.88,NA,1.2,,"1,415",3.2,"9,536",4,"14,963",4.2,ND,0,P,P,,0,0,0,0,0,0,94.5,0,0
PC152,Lindsay Street,GrbW,5/3/2016,Spring,Wet,Tributary,1218,19.1,359,6.52,6.91,NA,2.9,,"1,689",3.2,LOQ,2.7,"9,327",4,ND,0,P,P,,0.02,0.04,0.5,0.001,0.001,0.007,94.5,0,0
PC167,Lindsay Street,GrbW,5/17/2016,Spring,Wet,Tributary,1300,19.6,176.4,5.39,6.56,NA,4,,"8,031",3.9,"66,972",4.8,"81,248",4.9,ND,0,P,P,,0.74,0.74,0.74,0.031,0.015,0.01,94.5,0,0
PC182,Lindsay Street,GrbW,6/1/2016,Spring,Wet,Tributary,1217,20.8,362,6.88,7.08,NA,0.7,,"1,808",3.3,"41,842",4.6,"7,322",3.9,ND,0,A,A,,0,0,0,0,0,0,94.5,0,0
PC196,Lindsay Street,GrbW,6/14/2016,Spring,Wet,Tributary,1204,21.8,311.3,6.4,7,NA,1.7,,"1,493",3.2,"14,173",4.2,"28,816",4.5,LOQ,3,P,P,,0,0,0,0,0,0,94.5,0,0
PC214,Lindsay Street,GrbW,6/28/2016,Summer,Dry,Tributary,1206,22.2,356.7,6.09,6.92,NA,0.98,,"1,192",3.1,"1,434",3.2,LOQ,2.7,ND,0,A,P,,0.06,0.15,0.15,0.003,0.003,0.002,94.5,0,0
PC227,Lindsay Street,GrbW,7/12/2016,Summer,Dry,Tributary,1242,22.7,376.3,6.47,7.12,NA,5.72,,963,3,"4,362",3.6,"22,089",4.3,LOQ,3,A,P,,0.06,0.06,0.06,0.003,0.001,0.001,94.5,0,0
PC231,Lindsay Street,GrbW,7/26/2016,Summer,Dry,Tributary,1032,22.2,331.5,6.5,6.97,NA,0.55,,310,2.5,LOQ,2.7,"1,881",3.3,ND,0,A,A,,0,0,0,0,0,0,94.5,0,0
PC255,Lindsay Street,GrbW,8/9/2016,Summer,Dry,Tributary,1259,22.8,296.5,5.78,6.81,NA,1.04,,599,2.8,LOQ,2.7,"2,487",3.4,ND,0,A,P,,0.07,0.35,0.35,0.003,0.007,0.005,94.5,0,0
PC267,Lindsay Street,GrbW,8/30/2016,Summer,Dry,Tributary,1313,23,347,6.84,7.08,NA,1.32,,"1,145",3.1,"296,012",5.5,"399,224",5.6,ND,0,A,A,,0,0,0,0,0,0,94.5,0,0
PC279,Lindsay Street,GrbW,9/15/2016,Summer,Dry,Tributary,1256,24.3,320.9,6.55,6.87,NA,2.74,,"2,528",3.4,"20,494",4.3,"124,681",5.1,ND,0,P,P,,0,0,0.06,0,0,0.001,94.5,0,0
PC291,Lindsay Street,GrbW,9/27/2016,Fall,Dry,Tributary,1224,23.1,329.6,6.57,7.06,NA,2.66,,714,2.9,"8,541",3.9,"84,466",4.9,ND,0,A,P,,0,0,0,0,0,0,94.5,0,0
PC295,Lindsay Street,GrbW,10/18/2016,Fall,Dry,Tributary,1020,19.4,347.5,6.27,7.04,NA,3.36,,"41,060",4.6,"266,166",5.4,"108,128",5,ND,0,P,P,NA,0,0,0.03,0,0,0,94.5,0,0
PC318,Lindsay Street,GrbW,10/25/2016,Fall,Dry,Tributary,1313,18.4,323.4,6.2,6.89,NA,1.03,,"1,562",3.2,"40,445",4.6,"38,034",4.6,ND,0,A,P,,0,0,0,0,0,0,94.5,0,0
PC330,Lindsay Street,GrbW,11/7/2016,Fall,Dry,Tributary,1327,17.8,222.9,7.03,7.1,NA,2.15,,"1,082",3,"2,154",3.3,"17,868",4.3,ND,0,P,P,,0,0,0,0,0,0,94.5,0,0
PC342,Lindsay Street,GrbW,11/21/2016,Fall,Dry,Tributary,1257,12.2,284,5.18,6.87,NA,0.91,,"15,016",4.2,"4,915",3.7,"45,928",4.7,ND,0,A,A,,0,0,0,0,0,0,94.5,0,0
PC354,Lindsay Street,GrbW,12/5/2016,Fall,Dry,Tributary,1344,13.3,251.3,5.86,6.66,NA,1.79,,504,2.7,"4,596",3.7,"3,197",3.5,ND,0,A,A,,0.23,0.72,0.72,0.01,0.015,0.01,94.5,0,0
PC366,Lindsay Street,GrbW,12/19/2016,Fall,Dry,Tributary,1318,10.9,250.3,6.27,6.8,NA,1.92,,718,2.9,"10,066",4,"15,944",4.2,ND,0,P,P,,0.15,0.32,0.33,0.006,0.007,0.005,94.5,0,0
PC379,Lindsay Street,GrbW,1/3/2017,Winter,Wet,Tributary,1321,15.9,365.6,6.69,6.92,NA,2.38,,265,2.4,"8,359",3.9,"2,035",3.3,ND,0,A,A,,1.67,2.24,2.63,0.07,0.047,0.037,94.5,0,0
PC383,Lindsay Street,GrbW,1/24/2017,Winter,Wet,Tributary,1104,16.89,427,8.82,7.04,NA,1.59,,209,2.3,"7,949",3.9,"1,173",3.1,ND,0,A,P,<0.1,0,0.65,2.17,0,0.014,0.03,94.5,0,0
PC411,Lindsay Street,GrbW,2/9/2017,Winter,Wet,Tributary,1309,14.8,319.5,7.4,6.87,NA,0.84,,"11,164",4,"1,789",3.3,"82,296",4.9,ND,0,P,P,,0.17,0.84,0.85,0.007,0.018,0.012,94.5,0,0
PC424,Lindsay Street,GrbW,2/22/2017,Winter,Wet,Tributary,1240,17.3,243,7.55,6.53,NA,2.04,,"3,032",3.5,"134,461",5.1,"48,153",4.7,ND,0,A,A,,0.32,0.32,0.32,0.013,0.007,0.004,94.5,0,0
PC437,Lindsay Street,GrbW,3/8/2017,Winter,Wet,Tributary,1231,18.8,331.6,8.47,6.79,NA,0.95,,222,2.3,"7,104",3.9,"3,981",3.6,ND,0,A,A,,0.54,0.54,0.54,0.023,0.011,0.008,94.5,0,0
PC452,Lindsay Street,GrbW,3/21/2017,Spring,Wet,Tributary,1324,21.6,350,11.94,6.97,NA,0.23,,268,2.4,LOQ,2.7,"3,146",3.5,ND,0,P,A,,0,0,0,0,0,0,94.5,0,0
PC481,Lindsay Street,GrbW,4/4/2017,Spring,Wet,Tributary,1346,20.8,347,7.65,6.8,NA,1.21,,209,2.3,"1,054",3,"3,661",3.6,ND,0,P,A,,0.12,0.63,0.63,0.005,0.013,0.009,94.5,0,0
PC485,Lindsay Street,GrbW,4/11/2017,Spring,Wet,Tributary,1125,19.09,492,8.59,7,,1.99,,"4,989",3.7,"13,334",4.1,"73,276",4.9,ND,0,P,A,<0.1,0,0,0,0,0,0,94.5,0,0
PC511,Lindsay Street,GrbW,5/3/2017,Spring,Wet,Tributary,1157,19.4,353.5,6.63,6.84,NA,0.49,,"1,014",3,"6,445",3.8,"17,160",4.2,ND,0,A,A,,0,0.01,0.31,0,0,0.004,94.5,0,0
PC525,Lindsay Street,GrbW,5/16/2017,Spring,Wet,Tributary,1310,20.7,361.1,5.7,6.7,NA,1.17,394.2,859,2.9,"148,499",5.2,"7,070",3.8,ND,0,P,P,,0,0,0.31,0,0,0.004,94.5,0,0
PC539,Lindsay Street,GrbW,5/31/2017,Spring,Wet,Tributary,1158,20.3,360.5,5.95,6.77,NA,1.11,396.6,"1,486",3.2,"8,081",3.9,"13,361",4.1,ND,0,P,A,,0.62,2.26,2.26,0.026,0.047,0.031,94.5,0,0
PC543,Lindsay Street,GrbW,7/18/2017,Summer,Dry,Tributary,1220,21.43,411,6.89,7.2,,1.3,,"3,187",3.5,LOQ,2.7,"45,442",4.7,ND,0,A,A,,0,0.18,0.34,0,0.004,0.005,94.5,0,0
PC571,Lindsay Street,GrbW,7/25/2017,Summer,Dry,Tributary,1206,21.7,377.3,6.12,6.92,NA,0.41,403.2,833,2.9,LOQ,2.7,"2,784",3.4,ND,0,A,P,,1.22,1.54,1.54,0.051,0.032,0.021,94.5,0,0
PC3-0915,North Ave,GrbW,9/1/2015,Summer,Dry,Mainstem,11:05:00 AM,,,,,,,,"2,717",3.4,"550,136",5.7,"79,593",4.9,,,,,,0.07,0.21,0.75,0.003,0.004,0.01,77,1.2,0
PC9,North Ave,GrbW,11/23/2015,Fall,Dry,Mainstem,1338,15.1,203.9,8.67,7.66,NA,NA,,"8,864",3.9,"2,770,201",6.4,"385,465",5.6,"22,317",4.3,P,A,,0,0,0,0,0,0,77,1.2,0
PC23,North Ave,GrbW,12/7/2015,Fall,Dry,Mainstem,1230,16.2,223.3,9.7,7.81,NA,NA,,"2,028",3.3,"431,649",5.6,"55,005",4.7,LOQ,3,A,A,,0,0,0,0,0,0,77,1.2,0
PC36,North Ave,GrbW,1/12/2016,Winter,Wet,Mainstem,1145,11.48,272,10.89,7.34,,1.4,,"26,879",4.4,"2,594,271",6.4,,,"4,970",3.7,A,A,,0,0,0.27,0,0,0.004,77,1.2,0
PC52,North Ave,GrbW,1/26/2016,Winter,Wet,Mainstem,1201,12.7,199.8,10.25,7.3,NA,NA,,"15,391",4.2,"2,543,898",6.4,"288,028",5.5,LOQ,3,A,A,,0,0,0,0,0,0,77,1.2,0
PC65,North Ave,GrbW,2/9/2016,Winter,Wet,Mainstem,1256,11.1,202.5,10.57,7.63,NA,NA,,"4,254",3.6,"5,616,550",6.7,"104,622",5,"9,598",4,A,A,,0,0,0,0,0,0,77,1.2,0
PC79,North Ave,GrbW,2/23/2016,Winter,Wet,Mainstem,1255,14.4,112,9.5,7.5,NA,NA,,"10,781",4,"1,374,397",6.1,"148,014",5.2,"7,165",3.9,A,A,,1.01,1.12,1.15,0.042,0.023,0.016,77,1.2,0
PC93,North Ave,GrbW,3/8/2016,Winter,Wet,Mainstem,1254,18,231.1,11.29,8.35,NA,NA,,"10,209",4,"362,829",5.6,"221,897",5.3,ND,0,P,A,,0,0,0,0,0,0,77,1.2,0
PC106,North Ave,GrbW,3/22/2016,Spring,Wet,Mainstem,1300,17.3,230.8,9.86,6,NA,1.36,,"1,275",3.1,"554,371",5.7,"141,183",5.1,"16,392",4.2,A,A,,0,0,0,0,0,0,77,1.2,0
PC114,North Ave,GrbW,4/6/2016,Spring,Wet,Mainstem,1145,15.94,261,10.07,7.67,,2.9,,"11,787",4.1,"3,181,019",6.5,"251,257",5.4,"1,379",3.1,A,A,1.987,0,0,0,0,0,0,77,1.2,0
PC136,North Ave,GrbW,4/20/2016,Spring,Wet,Mainstem,1245,21.4,503,8.84,7.81,NA,1.6,,"1,130",3.1,"355,290",5.6,"17,958",4.3,LOQ,3,P,P,,0,0,0,0,0,0,77,1.2,0
PC150,North Ave,GrbW,5/3/2016,Spring,Wet,Mainstem,1158,20.7,416.2,7.75,7.52,NA,5.1,,"14,829",4.2,"581,913",5.8,"73,651",4.9,LOQ,3,P,P,,0.02,0.04,0.5,0.001,0.001,0.007,77,1.2,0
PC166,North Ave,GrbW,5/17/2016,Spring,Wet,Mainstem,1239,19.8,93.3,8.05,7.23,NA,23.7,,"15,452",4.2,"1,874,661",6.3,"224,752",5.4,"11,971",4.1,P,A,,0.74,0.74,0.74,0.031,0.015,0.01,77,1.2,0
PC180,North Ave,GrbW,6/1/2016,Spring,Wet,Mainstem,1153,23.5,254.9,8.71,7.82,NA,3.1,,"6,005",3.8,"81,951",4.9,"35,832",4.6,ND,0,P,A,,0,0,0,0,0,0,77,1.2,0
PC194,North Ave,GrbW,6/14/2016,Spring,Wet,Mainstem,1147,24.3,404.7,9.07,8.08,NA,3.3,,"2,232",3.3,"33,178",4.5,"10,664",4,ND,0,P,P,,0,0,0,0,0,0,77,1.2,0
PC212,North Ave,GrbW,6/28/2016,Summer,Dry,Mainstem,1145,24.9,536,8.43,7.68,NA,1.41,,"1,648",3.2,"4,697",3.7,"3,861",3.6,ND,0,P,A,,0.06,0.15,0.15,0.003,0.003,0.002,77,1.2,0
PC225,North Ave,GrbW,7/12/2016,Summer,Dry,Mainstem,1223,25.4,275.8,7.99,7.88,NA,2.22,,"1,358",3.1,"29,683",4.5,"10,452",4,ND,0,P,P,,0.06,0.06,0.06,0.003,0.001,0.001,77,1.2,0
PC238,North Ave,GrbW,7/26/2016,Summer,Dry,Mainstem,1046,24.6,413.6,7.23,7.55,NA,2.17,,"1,885",3.3,"25,152",4.4,"58,025",4.8,ND,0,P,P,,0,0,0,0,0,0,77,1.2,0
PC253,North Ave,GrbW,8/9/2016,Summer,Dry,Mainstem,1238,25.5,195.5,7.4,7.46,NA,10.9,,"8,357",3.9,"336,459",5.5,"57,518",4.8,"23,159",4.4,P,A,,0.07,0.35,0.35,0.003,0.007,0.005,77,1.2,0
PC265,North Ave,GrbW,8/30/2016,Summer,Dry,Mainstem,1252,25.1,280,7.57,7.62,NA,4.84,,"6,228",3.8,"180,005",5.3,"70,216",4.8,"2,353",3.4,P,A,,0,0,0,0,0,0,77,1.2,0
PC277,North Ave,GrbW,9/15/2016,Summer,Dry,Mainstem,1237,25,254.4,6.76,7.46,NA,1.89,,"3,832",3.6,"486,661",5.7,"82,622",4.9,ND,0,P,A,,0,0,0.06,0,0,0.001,77,1.2,0
PC289,North Ave,GrbW,9/27/2016,Fall,Dry,Mainstem,1206,23.9,249.4,7.78,7.6,NA,2.43,,"6,411",3.8,"337,332",5.5,"328,514",5.5,LOQ,3,A,A,,0,0,0,0,0,0,77,1.2,0
PC301,North Ave,GrbW,10/18/2016,Fall,Dry,Mainstem,1043,19.9,224.6,7.97,7.46,NA,1.77,,"18,825",4.3,"112,090",5,"96,110",5,ND,0,P,A,0.85,0,0,0.03,0,0,0,77,1.2,0
PC316,North Ave,GrbW,10/25/2016,Fall,Dry,Mainstem,1252,18.2,220.9,8.59,7.61,NA,1.36,,"1,318",3.1,"262,378",5.4,"68,130",4.8,"3,982",3.6,P,A,,0,0,0,0,0,0,77,1.2,0
PC328,North Ave,GrbW,11/7/2016,Fall,Dry,Mainstem,1307,18,225.1,9.36,7.65,NA,1.47,,678,2.8,"55,361",4.7,"28,608",4.5,ND,0,P,A,,0,0,0,0,0,0,77,1.2,0
PC340,North Ave,GrbW,11/21/2016,Fall,Dry,Mainstem,1238,12.7,206.4,10.25,7.62,NA,1.58,,"1,136",3.1,"112,358",5.1,"14,865",4.2,ND,0,A,P,,0,0,0,0,0,0,77,1.2,0
PC352,North Ave,GrbW,12/5/2016,Fall,Dry,Mainstem,1324,13.9,152.9,8.99,7.38,NA,5.05,,"2,847",3.5,"392,728",5.6,"56,593",4.8,"24,899",4.4,A,P,,0.22,0.71,0.71,0.009,0.015,0.01,77,1.2,0
PC364,North Ave,GrbW,12/19/2016,Fall,Dry,Mainstem,1257,11.2,334.6,10.32,7.49,NA,2.16,,"1,341",3.1,"160,313",5.2,"51,298",4.7,ND,0,A,A,,0.15,0.32,0.33,0.006,0.007,0.005,77,1.2,0
PC377,North Ave,GrbW,1/3/2017,Winter,Wet,Mainstem,1259,14.2,131.3,9.45,7.44,NA,18.5,,"6,715",3.8,"699,398",5.8,"122,908",5.1,"3,323",3.5,P,P,,1.68,2.24,2.64,0.07,0.047,0.037,77,1.2,0
PC391,North Ave,GrbW,1/24/2017,Winter,Wet,Mainstem,1139,14.9,393,10.13,7.44,NA,16.9,,"15,192",4.2,"2,055,054",6.3,"81,114",4.9,"10,277",4,P,A,1.76,0,0.65,1.8,0,0.014,0.025,77,1.2,0
PC409,North Ave,GrbW,2/9/2017,Winter,Wet,Mainstem,1239,14.4,158.1,10.73,7.57,NA,22.2,,"25,555",4.4,"1,399,954",6.1,"593,323",5.8,"14,729",4.2,P,P,,0.17,0.84,0.85,0.007,0.018,0.012,77,1.2,0
PC422,North Ave,GrbW,2/22/2017,Winter,Wet,Mainstem,1218,16.4,153.1,9.77,7.42,NA,3.5,,"8,993",4,"706,507",5.8,"114,189",5.1,LOQ,3,A,P,,0.32,0.32,0.32,0.013,0.007,0.004,77,1.2,0
PC435,North Ave,GrbW,3/8/2017,Winter,Wet,Mainstem,1208,17.8,218.3,10.08,7.59,NA,5.57,,"5,192",3.7,"1,880,259",6.3,"122,157",5.1,"9,297",4,P,P,,0.54,0.54,0.54,0.023,0.011,0.008,77,1.2,0
PC450,North Ave,GrbW,3/21/2017,Spring,Wet,Mainstem,1301,19.9,220.6,9.7,7.95,NA,0.85,,"2,651",3.4,"563,656",5.8,"26,903",4.4,"8,511",3.9,P,P,,0,0,0,0,0,0,77,1.2,0
PC479,North Ave,GrbW,4/4/2017,Spring,Wet,Mainstem,1319,21.9,205.9,8.53,7.65,NA,2.82,,"2,260",3.4,"686,401",5.8,"121,482",5.1,"29,135",4.5,P,A,,0.15,0.63,0.63,0.006,0.013,0.009,77,1.2,0
PC492,North Ave,GrbW,4/11/2017,Spring,Wet,Mainstem,1040,17.28,320,9.49,7.03,,2.23,,"1,475",3.2,"70,681",4.8,"21,651",4.3,ND,0,P,A,1.49,0,0,0,0,0,0,77,1.2,0
PC509,North Ave,GrbW,5/3/2017,Spring,Wet,Mainstem,1137,19.6,239.7,8.19,7.45,NA,1.05,,"3,692",3.6,"204,493",5.3,"25,274",4.4,ND,0,P,A,,0,0.01,0.31,0,0,0.004,77,1.2,0
PC523,North Ave,GrbW,5/16/2017,Spring,Wet,Mainstem,1239,23.2,247.1,8.1,7.6,NA,0.91,256.5,"2,777",3.4,"113,232",5.1,"47,789",4.7,ND,0,P,A,,0,0,0.31,0,0,0.004,77,1.2,0
PC537,North Ave,GrbW,5/31/2017,Spring,Wet,Mainstem,1137,21.7,163.8,8.61,7.34,NA,19.2,175,"8,246",3.9,"285,959",5.5,"177,874",5.3,"8,618",3.9,P,P,,0.63,2.26,2.26,0.026,0.047,0.031,77,1.2,0
PC551,North Ave,GrbW,7/18/2017,Summer,Dry,Mainstem,1130,23.85,183,8.19,7.42,,17.4,,"15,645",4.2,"143,830",5.2,"221,907",5.3,"1,409",3.1,P,P,,0,0.19,0.34,0,0.004,0.005,77,1.2,0
PC569,North Ave,GrbW,7/25/2017,Summer,Dry,Mainstem,1144,24.8,239,7.9,7.6,NA,2.41,239.9,"2,455",3.4,"10,649",4,"11,431",4.1,ND,0,P,A,,1.22,1.54,1.54,0.051,0.032,0.021,77,1.2,0
PC4-0915,North Ave CSO,GrbW,9/1/2015,Summer,Dry,Tributary,10:45:00 AM,,,,,,,,409,2.6,"4,000",3.6,"17,382",4.2,,,,,,0.12,0.23,0.75,0.005,0.005,0.01,93.7,0.3,0
PC37,North Ave CSO,GrbW,1/12/2016,Winter,Wet,Tributary,1205,8.54,646,12.19,6.87,,1.4,,68,1.8,"3,524",3.5,,,ND,0,A,A,,0,0,0.27,0,0,0.004,93.7,0.3,0
PC80,North Ave CSO,GrbW,2/23/2016,Winter,Wet,Tributary,1312,13.5,113.9,8.25,7.54,NA,NA,,"1,288",3.1,"2,914",3.5,"27,087",4.4,"2,357",3.4,A,A,,1.01,1.13,1.16,0.042,0.024,0.016,93.7,0.3,0
PC107,North Ave CSO,GrbW,3/22/2016,Spring,Wet,Tributary,1309,9,452,11.38,5.5,NA,0.75,,154,2.2,ND,0,ND,0,ND,0,,,,0,0,0,0,0,0,93.7,0.3,0
PC115,North Ave CSO,GrbW,4/6/2016,Spring,Wet,Tributary,1215,14.4,571,3.08,7.03,,1.1,,79,1.9,ND,0,ND,0,ND,0,A,P,NA,0,0,0,0,0,0,93.7,0.3,0
PC137,North Ave CSO,GrbW,4/20/2016,Spring,Wet,Tributary,1303,15,507,7.65,7.55,NA,5.8,,11,1,ND,0,561,2.7,ND,0,A,A,,0,0,0,0,0,0,93.7,0.3,0
PC151,North Ave CSO,GrbW,5/3/2016,Spring,Wet,Tributary,1205,18.5,489.4,2.35,7.07,NA,2.4,,378,2.6,LOQ,2.7,"5,698",3.8,ND,0,,,,0.02,0.04,0.5,0.001,0.001,0.007,93.7,0.3,0
PC170,North Ave CSO,GrbW,5/17/2016,Spring,Wet,Tributary,1248,19.9,109.8,6.65,7.21,NA,15.9,,"7,166",3.9,LOQ,2.7,"106,461",5,ND,0,P,A,,0.74,0.74,0.74,0.031,0.015,0.01,93.7,0.3,0
PC181,North Ave CSO,GrbW,6/1/2016,Spring,Wet,Tributary,1203,19.6,540,2.45,7.41,NA,5.6,,223,2.3,LOQ,2.7,"4,432",3.6,ND,0,A,A,,0,0,0,0,0,0,93.7,0.3,0
PC195,North Ave CSO,GrbW,6/14/2016,Spring,Wet,Tributary,1154,21.3,572,1.2,7.25,NA,2.1,,204,2.3,LOQ,2.7,LOQ,2.7,ND,0,A,A,,0,0,0,0,0,0,93.7,0.3,0
PC213,North Ave CSO,GrbW,6/28/2016,Summer,Dry,Tributary,1155,22.5,568,2.28,7.28,NA,2.49,,103,2,ND,2.7,ND,2.7,ND,0,A,A,,0.06,0.15,0.15,0.003,0.003,0.002,93.7,0.3,0
PC226,North Ave CSO,GrbW,7/12/2016,Summer,Dry,Tributary,1231,22.7,624,3.97,7.44,NA,1.75,,82,1.9,ND,2.7,"1,692",3.2,ND,0,P,A,,0.06,0.06,0.06,0.003,0.001,0.001,93.7,0.3,0
PC239,North Ave CSO,GrbW,7/26/2016,Summer,Dry,Tributary,1055,23.3,600,1.17,7,NA,1.59,,871,2.9,ND,2.7,"7,334",3.9,ND,0,A,A,,0,0,0,0,0,0,93.7,0.3,0
PC254,North Ave CSO,GrbW,8/9/2016,Summer,Dry,Tributary,1246,24.9,161.4,6.07,7.26,NA,14.4,,"3,814",3.6,LOQ,2.7,"38,561",4.6,ND,0,P,P,,0.07,0.35,0.35,0.003,0.007,0.005,93.7,0.3,0
PC266,North Ave CSO,GrbW,8/30/2016,Summer,Dry,Tributary,1301,24.2,224,7.49,7.61,NA,14.2,,0,2.7,ND,2.7,LOQ,2.7,ND,0,A,A,,0,0,0,0,0,0,93.7,0.3,0
PC278,North Ave CSO,GrbW,9/15/2016,Summer,Dry,Tributary,1244,23.4,205.2,6.22,7.21,NA,8.88,,0,0,ND,0,LOQ,2.7,ND,0,A,A,,0,0,0.06,0,0,0.001,93.7,0.3,0
PC290,North Ave CSO,GrbW,9/27/2016,Fall,Dry,Tributary,1213,23.5,198.7,6.9,7.5,NA,16.3,,0,0,ND,0,ND,0,ND,0,A,A,,0,0,0,0,0,0,93.7,0.3,0
PC302,North Ave CSO,GrbW,10/18/2016,Fall,Dry,Tributary,1053,17.8,530,5.9,7.51,NA,1.39,,49,1.7,ND,0,LOQ,2.7,ND,0,P,A,NA,0,0,0.03,0,0,0,93.7,0.3,0
PC317,North Ave CSO,GrbW,10/25/2016,Fall,Dry,Tributary,1302,13.6,520,6.96,7.69,NA,1.74,,286,2.5,ND,0,"10,224",4,ND,0,A,A,,0,0,0,0,0,0,93.7,0.3,0
PC329,North Ave CSO,GrbW,11/7/2016,Fall,Dry,Tributary,1316,12.7,475.7,6.72,7.63,NA,1.92,,69,1.8,LOQ,2.7,"2,133",3.3,ND,0,A,A,,0,0,0,0,0,0,93.7,0.3,0
PC341,North Ave CSO,GrbW,11/21/2016,Fall,Dry,Tributary,1246,6.5,437.8,8.72,7.75,NA,1.53,,381,2.6,ND,0,"2,372",3.4,ND,0,A,A,,0,0,0,0,0,0,93.7,0.3,0
PC353,North Ave CSO,GrbW,12/5/2016,Fall,Dry,Tributary,1333,10.3,140.7,8.45,7.28,NA,8.63,,"1,786",3.3,ND,0,"18,804",4.3,"13,306",4.1,P,A,,0.22,0.71,0.71,0.009,0.015,0.01,93.7,0.3,0
PC365,North Ave CSO,GrbW,12/19/2016,Fall,Dry,Tributary,1306,9.7,51522,0.46,6.27,NA,22.9,,697,2.8,ND,0,"59,108",4.8,LOQ,3,P,A,,0.15,0.32,0.33,0.006,0.007,0.005,93.7,0.3,0
PC378,North Ave CSO,GrbW,1/3/2017,Winter,Wet,Tributary,1309,12.9,117.6,9.52,7.37,NA,21,,0,0,ND,0,ND,0,ND,0,A,A,,1.67,2.24,2.64,0.07,0.047,0.037,93.7,0.3,0
PC392,North Ave CSO,GrbW,1/24/2017,Winter,Wet,Tributary,1123,13.19,1190,3.36,7.01,NA,2.72,,112,2.1,"2,249",3.4,"1,694",3.2,ND,0,A,A,<0.1,0,0.65,1.88,0,0.014,0.026,93.7,0.3,0
PC410,North Ave CSO,GrbW,2/9/2017,Winter,Wet,Tributary,1248,9.6,480.4,9.08,7.13,NA,19.2,,"3,786",3.6,"2,730",3.4,"125,245",5.1,"8,860",3.9,P,P,,0.17,0.84,0.85,0.007,0.018,0.012,93.7,0.3,0
PC423,North Ave CSO,GrbW,2/22/2017,Winter,Wet,Tributary,1228,14.3,314.5,7.88,7.38,NA,18.4,,"11,199",4,"1,563",3.2,"117,989",5.1,LOQ,3,P,P,,0.32,0.32,0.32,0.013,0.007,0.004,93.7,0.3,0
PC436,North Ave CSO,GrbW,3/8/2017,Winter,Wet,Tributary,1218,12.2,1084,6.55,7.26,NA,10.5,,"4,473",3.7,"3,002",3.5,"52,587",4.7,"12,539",4.1,P,A,,0.54,0.54,0.54,0.023,0.011,0.008,93.7,0.3,0
PC451,North Ave CSO,GrbW,3/21/2017,Spring,Wet,Tributary,1309,11.1,537,7.89,7.58,NA,3.18,,63,1.8,ND,0,"2,174",3.3,ND,0,P,A,,0,0,0,0,0,0,93.7,0.3,0
PC480,North Ave CSO,GrbW,4/4/2017,Spring,Wet,Tributary,1327,16.2,690,6.15,7.43,NA,5.32,,"1,171",3.1,LOQ,2.7,"20,250",4.3,ND,0,P,P,,0.13,0.63,0.63,0.005,0.013,0.009,93.7,0.3,0
PC493,North Ave CSO,GrbW,4/11/2017,Spring,Wet,Tributary,1100,16.07,388,7.66,7.12,,4.77,,718,2.9,"61,966",4.8,"18,132",4.3,ND,0,P,P,<0.1,0,0,0,0,0,0,93.7,0.3,0
PC510,North Ave CSO,GrbW,5/3/2017,Spring,Wet,Tributary,1145,15.1,517,5.83,7.61,NA,1.83,,573,2.8,ND,0,"6,647",3.8,ND,0,P,A,,0,0.01,0.31,0,0,0.004,93.7,0.3,0
PC524,North Ave CSO,GrbW,5/16/2017,Spring,Wet,Tributary,1248,17.1,648,0.95,6.82,NA,4.81,764,50,1.7,ND,0,LOQ,2.7,ND,0,A,P,,0,0,0.31,0,0,0.004,93.7,0.3,0
PC538,North Ave CSO,GrbW,5/31/2017,Spring,Wet,Tributary,1145,20.4,191,6.82,7.3,NA,6.4,207,"2,178",3.3,"1,556",3.2,"44,529",4.6,"1,763",3.2,P,A,,0.63,2.26,2.26,0.026,0.047,0.031,93.7,0.3,0
PC552,North Ave CSO,GrbW,7/18/2017,Summer,Dry,Tributary,1150,23.17,285,2.7,7.7,,2.35,,"1,856",3.3,ND,0,"5,509",3.7,ND,0,P,A,,0,0.18,0.34,0,0.004,0.005,93.7,0.3,0
PC570,North Ave CSO,GrbW,7/25/2017,Summer,Dry,Tributary,1157,23.8,1278.5,2.78,7.23,NA,4.83,1290,"7,270",3.9,ND,0,"76,312",4.9,ND,0,P,P,,1.22,1.54,1.54,0.051,0.032,0.021,93.7,0.3,0
PC9-0915,Northwest,GrbW,9/1/2015,Summer,Dry,Mainstem,10:50:00 AM,,,,,,,,465,2.7,"4,000",3.6,"4,219",3.6,,,,,,0.07,0.21,0.75,0.003,0.004,0.01,59,13.9,0.9
PC1,Northwest,GrbW,11/23/2015,Fall,Dry,Mainstem,1117,7.8,194.4,11.22,7.14,7.15,NA,,997,3,"20,924",4.3,"18,865",4.3,ND,0,A,A,,0,0,0,0,0,0,59,13.9,0.9
PC15,Northwest,GrbW,12/7/2015,Fall,Dry,Mainstem,1035,9,181,11.84,7.39,6.25,NA,,"1,461",3.2,"176,641",5.2,"27,910",4.4,ND,0,A,A,,0,0,0,0,0,0,59,13.9,0.9
PC44,Northwest,GrbW,1/26/2016,Winter,Wet,Mainstem,1011,6.5,178.3,11.7,6.35,6.08,NA,,"4,072",3.6,"142,760",5.2,"79,114",4.9,ND,0,P,A,,0,0,0,0,0,0,59,13.9,0.9
PC57,Northwest,GrbW,2/9/2016,Winter,Wet,Mainstem,1058,6,183.4,11.87,7.45,6.05,NA,,"1,295",3.1,"269,543",5.4,"24,359",4.4,,,A,A,,0,0,0,0,0,0,59,13.9,0.9
PC71,Northwest,GrbW,2/23/2016,Winter,Wet,Mainstem,1120,13.4,91.4,9.05,7.93,5.85,NA,,"4,618",3.7,"82,228",4.9,"49,178",4.7,"4,137",3.6,P,P,,1.01,1.11,1.13,0.042,0.023,0.016,59,13.9,0.9
PC85,Northwest,GrbW,3/8/2016,Winter,Wet,Mainstem,1120,12.3,210.5,12.28,7.84,6.05,NA,,568,2.8,"4,795",3.7,"5,463",3.7,ND,0,A,P,,0,0,0,0,0,0,59,13.9,0.9
PC98,Northwest,GrbW,3/22/2016,Spring,Wet,Mainstem,1116,10.3,210.5,13.18,5.5,6.05,1.66,,609,2.8,"17,970",4.3,"13,184",4.1,ND,0,A,A,,0,0,0,0,0,0,59,13.9,0.9
PC120,Northwest,GrbW,4/6/2016,Spring,Wet,Mainstem,1030,12.88,305,10.72,7.66,,2.3,,316,2.5,"11,869",4.1,"6,167",3.8,ND,0,P,A,11.81,0,0,0,0,0,0,59,13.9,0.9
PC128,Northwest,GrbW,4/20/2016,Spring,Wet,Mainstem,1040,17.2,261.1,9.96,7.77,6.05,2.6,,860,2.9,"21,616",4.3,"11,575",4.1,ND,0,P,A,,0,0,0,0,0,0,59,13.9,0.9
PC142,Northwest,GrbW,5/3/2016,Spring,Wet,Mainstem,955,20.4,219.5,7.14,7.46,6.61,5.7,,800,2.9,LOQ,2.7,"7,015",3.8,ND,0,P,P,,0.02,0.04,0.5,0.001,0.001,0.007,59,13.9,0.9
PC158,Northwest,GrbW,5/17/2016,Spring,Wet,Mainstem,1100,18.2,162.6,7.42,7.57,5.85,39.1,,"12,499",4.1,"10,576",4,"194,631",5.3,"6,381",3.8,P,A,,0.73,0.73,0.73,0.03,0.015,0.01,59,13.9,0.9
PC172,Northwest,GrbW,6/1/2016,Spring,Wet,Mainstem,1010,23,262.1,7,7.63,6.1,2.6,,538,2.7,LOQ,2.7,"10,538",4,ND,0,P,A,,0,0,0,0,0,0,59,13.9,0.9
PC186,Northwest,GrbW,6/14/2016,Spring,Wet,Mainstem,1010,25.2,285.5,6.79,7.55,6.1,3,,311,2.5,LOQ,2.7,LOQ,2.7,ND,0,P,A,,0,0,0,0,0,0,59,13.9,0.9
PC205,Northwest,GrbW,6/28/2016,Summer,Dry,Mainstem,1011,25.3,245.2,6.25,7.62,6.1,2.67,,"1,019",3,ND,2.7,"5,233",3.7,ND,0,P,P,,0.06,0.15,0.15,0.003,0.003,0.002,59,13.9,0.9
PC218,Northwest,GrbW,7/12/2016,Summer,Dry,Mainstem,1050,24.9,331.4,7.25,7.94,6.22,2.76,,"1,283",3.1,ND,2.7,"5,701",3.8,ND,0,P,A,,0.06,0.06,0.06,0.003,0.001,0.001,59,13.9,0.9
PC244,Northwest,GrbW,7/26/2016,Summer,Dry,Mainstem,1030,26.14,298,7.07,7.67,NA,1.89,,100,2,ND,2.7,"1,141",3.1,ND,0,A,A,,0,0,0,0,0,0,59,13.9,0.9
PC246,Northwest,GrbW,8/9/2016,Summer,Dry,Mainstem,1059,26,163.1,6.63,7.49,6.25,23,,755,2.9,ND,2.7,"1,430",3.2,ND,0,P,A,,0.07,0.35,0.35,0.003,0.007,0.005,59,13.9,0.9
PC259,Northwest,GrbW,8/30/2016,Summer,Dry,Mainstem,1112,24.5,281.7,6.95,7.72,5.9,2.18,,223,2.3,ND,2.7,LOQ,2.7,ND,0,P,P,,0,0,0,0,0,0,59,13.9,0.9
PC271,Northwest,GrbW,9/15/2016,Summer,Dry,Mainstem,1100,23,282.9,6.73,7.31,6.21,1.89,,167,2.2,ND,0,"4,587",3.7,ND,0,P,A,,0,0,0.06,0,0,0.001,59,13.9,0.9
PC283,Northwest,GrbW,9/27/2016,Fall,Dry,Mainstem,1046,22.7,277.8,6.62,7.75,6.23,3.98,,442,2.6,"1,493",3.2,"11,023",4,ND,0,P,P,,0,0,0,0,0,0,59,13.9,0.9
PC307,Northwest,GrbW,10/18/2016,Fall,Dry,Mainstem,1015,17.65,315,8.18,7.43,NA,1.48,,477,2.7,ND,0,"3,659",3.6,ND,0,P,A,1.54,0,0,0.03,0,0,0,59,13.9,0.9
PC310,Northwest,GrbW,10/25/2016,Fall,Dry,Mainstem,1123,13.2,260.9,8.72,7.55,6.28,1.41,,114,2.1,ND,0,LOQ,2.7,ND,0,A,A,,0,0,0,0,0,0,59,13.9,0.9
PC322,Northwest,GrbW,11/7/2016,Fall,Dry,Mainstem,1137,12.8,247.7,9.09,7.55,6.2,1.75,,128,2.1,ND,0,"6,031",3.8,ND,0,P,A,,0,0,0,0,0,0,59,13.9,0.9
PC334,Northwest,GrbW,11/21/2016,Fall,Dry,Mainstem,1110,6.5,226.2,11.33,7.75,6.19,1.3,,24,1.4,ND,0,LOQ,2.7,ND,0,P,A,,0,0,0,0,0,0,59,13.9,0.9
PC346,Northwest,GrbW,12/5/2016,Fall,Dry,Mainstem,1202,10.3,97.2,9.64,7.71,6.09,12.4,,"1,011",3,"31,839",4.5,"10,167",4,LOQ,3,P,P,,0.23,0.7,0.7,0.01,0.015,0.01,59,13.9,0.9
PC358,Northwest,GrbW,12/19/2016,Fall,Dry,Mainstem,1138,7.2,157.8,11.9,7.54,6.08,9.12,,572,2.8,"8,200",3.9,"3,972",3.6,LOQ,3,P,P,,0.15,0.32,0.33,0.006,0.007,0.005,59,13.9,0.9
PC397,Northwest,GrbW,1/24/2017,Winter,Wet,Mainstem,1040,10.98,232,9.9,7.55,NA,13,,"1,571",3.2,"243,716",5.4,"111,831",5,LOQ,3,A,A,11.06,0,0.65,2.26,0,0.014,0.031,59,13.9,0.9
PC399,Northwest,GrbW,2/9/2017,Winter,Wet,Mainstem,1043,11.5,111.6,9.86,7.29,6,34.2,,"6,489",3.8,"369,027",5.6,"47,455",4.7,"12,396",4.1,P,P,,0.17,0.84,0.86,0.007,0.018,0.012,59,13.9,0.9
PC415,Northwest,GrbW,2/22/2017,Winter,Wet,Mainstem,1038,14.6,199.3,9.14,7.54,5.96,8.26,,"7,787",3.9,"3,518",3.5,"70,195",4.8,ND,0,P,A,,0.32,0.32,0.32,0.013,0.007,0.004,59,13.9,0.9
PC428,Northwest,GrbW,3/8/2017,Winter,Wet,Mainstem,1030,14.2,114.4,9.65,7.39,6.08,14.5,,"1,787",3.3,"93,795",5,"39,593",4.6,"32,674",4.5,P,P,,0.54,0.54,0.54,0.023,0.011,0.008,59,13.9,0.9
PC441,Northwest,GrbW,3/21/2017,Spring,Wet,Mainstem,1104,13.8,212.2,11.87,8.08,6.05,1.71,,80,1.9,LOQ,2.7,"2,271",3.4,ND,0,A,A,,0,0,0,0,0,0,59,13.9,0.9
PC472,Northwest,GrbW,4/4/2017,Spring,Wet,Mainstem,1114,17.4,136.4,7.99,7.33,6,13.6,,"3,743",3.6,"142,523",5.2,"36,315",4.6,"8,124",3.9,P,P,,0.58,0.63,0.63,0.024,0.013,0.009,59,13.9,0.9
PC498,Northwest,GrbW,4/11/2017,Spring,Wet,Mainstem,1015,15.52,293,9.16,7.15,,4.74,,371,2.6,"1,716",3.2,"3,344",3.5,ND,0,A,A,7.59,0,0,0,0,0,0,59,13.9,0.9
PC501,Northwest,GrbW,5/3/2017,Spring,Wet,Mainstem,950,16.9,218.2,7.36,7.32,6.05,3.94,,243,2.4,LOQ,2.7,"2,908",3.5,ND,0,P,P,,0,0.18,0.31,0,0.004,0.004,59,13.9,0.9
PC515,Northwest,GrbW,5/16/2017,Spring,Wet,Mainstem,1044,20.8,245.3,7.2,7.42,6.1,2.45,266.5,503,2.7,ND,0,"6,505",3.8,ND,0,A,A,,0,0,0.31,0,0,0.004,59,13.9,0.9
PC529,Northwest,GrbW,5/31/2017,Spring,Wet,Mainstem,952,20.3,95.3,7.76,7.1,5.89,60.1,105.2,"12,996",4.1,"29,420",4.5,"248,700",5.4,"47,304",4.7,P,P,,1.13,2.26,2.26,0.047,0.047,0.031,59,13.9,0.9
PC557,Northwest,GrbW,7/18/2017,Summer,Dry,Mainstem,1045,22.71,136,7.4,6.8,,31.7,,"9,269",4,"22,576",4.4,"143,221",5.2,"9,545",4,P,P,,0,0.21,0.34,0,0.004,0.005,59,13.9,0.9
PC561,Northwest,GrbW,7/25/2017,Summer,Dry,Mainstem,1020,24.6,175.5,6.65,7.33,6.09,26.2,177,"2,177",3.3,"2,160",3.3,"16,587",4.2,ND,0,P,P,,1.22,1.54,1.54,0.051,0.032,0.021,59,13.9,0.9
PC42,Northwest,GrbW,1/12/2016,Winter,Wet,Mainstem,1010,3.77,279,12.05,6.95,,3.4,,"3,746",3.6,"260,210",5.4,,,ND,0,A,A,,0,0,0.3,0,0,0.004,59,13.9,0.9
PC370,Northwest,GrbW,1/3/2017,Winter,Wet,Mainstem,1122,12.5,116,9.45,7.42,5.98,57,,"1,433",3.2,"7,717",3.9,"74,640",4.9,LOQ,3,P,P,,1.68,2.25,2.64,0.07,0.047,0.037,59,13.9,0.9
PC12-0915,Spring Street,GrbW,9/1/2015,Summer,Dry,Tributary,11:55:00 AM,,,,,,,,301,2.5,0,0,"4,000",3.6,,,,,,0.02,0.19,0.75,0.001,0.004,0.01,41.8,21.9,0.7
PC4,Spring Street,GrbW,11/23/2015,Fall,Dry,Tributary,1211,8.5,119.4,9.72,7.45,3.2,NA,,396,2.6,"19,409",4.3,"8,798",3.9,ND,0,A,P,,0,0,0,0,0,0,41.8,21.9,0.7
PC18,Spring Street,GrbW,12/7/2015,Fall,Dry,Tributary,1125,10.2,118.7,11.47,7.82,3.225,NA,,83,1.9,"1,602",3.2,"2,034",3.3,ND,0,A,A,,0,0,0,0,0,0,41.8,21.9,0.7
PC31,Spring Street,GrbW,1/12/2016,Winter,Wet,Tributary,1030,4.64,185,12.28,7.41,,8.2,,"2,589",3.4,"641,895",5.8,,,"2,079",3.3,A,A,,0,0,0.3,0,0,0.004,41.8,21.9,0.7
PC47,Spring Street,GrbW,1/26/2016,Winter,Wet,Tributary,1100,7.2,114.9,10.51,6.95,3.15,NA,,241,2.4,"615,023",5.8,"15,847",4.2,ND,0,A,P,,0,0,0,0,0,0,41.8,21.9,0.7
PC60,Spring Street,GrbW,2/9/2016,Winter,Wet,Tributary,1140,6.5,113.9,11.48,7.41,3.15,NA,,618,2.8,"164,345",5.2,"19,775",4.3,ND,0,A,P,,0,0,0,0,0,0,41.8,21.9,0.7
PC74,Spring Street,GrbW,2/23/2016,Winter,Wet,Tributary,1156,13.1,83,9.68,7.61,3.05,NA,,"2,938",3.5,"130,451",5.1,"93,245",5,"2,738",3.4,A,P,,1.02,1.12,1.14,0.043,0.023,0.016,41.8,21.9,0.7
PC88,Spring Street,GrbW,3/8/2016,Winter,Wet,Tributary,1155,12.7,139.7,11.76,7.86,3.15,NA,,397,2.6,"55,730",4.7,"12,865",4.1,ND,0,A,A,,0,0,0,0,0,0,41.8,21.9,0.7
PC101,Spring Street,GrbW,3/22/2016,Spring,Wet,Tributary,1200,11.2,118.8,14.02,5,3.16,3.85,,178,2.3,"51,230",4.7,"21,045",4.3,ND,0,A,A,,0,0,0,0,0,0,41.8,21.9,0.7
PC123,Spring Street,GrbW,4/6/2016,Spring,Wet,Tributary,1145,13.17,169,10.45,7.48,,3,,529,2.7,"40,585",4.6,"10,706",4,ND,0,A,P,2.8,0,0,0,0,0,0,41.8,21.9,0.7
PC131,Spring Street,GrbW,4/20/2016,Spring,Wet,Tributary,1125,17.2,152.8,9.1,7.59,3.2,2.4,,230,2.4,"28,772",4.5,"3,299",3.5,ND,0,A,A,,0,0,0,0,0,0,41.8,21.9,0.7
PC145,Spring Street,GrbW,5/3/2016,Spring,Wet,Tributary,1053,19.8,153.7,7.98,7.49,3.32,4.3,,"1,463",3.2,"119,054",5.1,"25,058",4.4,ND,0,A,P,,0.02,0.04,0.5,0.001,0.001,0.007,41.8,21.9,0.7
PC161,Spring Street,GrbW,5/17/2016,Spring,Wet,Tributary,1136,17.8,93.8,8.07,7.37,3.025,46.2,,"7,726",3.9,"244,667",5.4,"155,988",5.2,"16,051",4.2,P,A,,0.74,0.74,0.74,0.031,0.015,0.01,41.8,21.9,0.7
PC175,Spring Street,GrbW,6/1/2016,Spring,Wet,Tributary,1054,21.9,167.9,8.01,7.52,3.25,2.4,,639,2.8,LOQ,2.7,"5,064",3.7,ND,0,P,A,,0,0,0,0,0,0,41.8,21.9,0.7
PC189,Spring Street,GrbW,6/14/2016,Spring,Wet,Tributary,1050,24,175.7,7.55,7.44,3.23,3.1,,396,2.6,ND,0,"13,572",4.1,ND,0,P,P,,0,0,0,0,0,0,41.8,21.9,0.7
PC208,Spring Street,GrbW,6/28/2016,Summer,Dry,Tributary,1056,23.9,168.9,7.09,7.38,3.22,2.9,,372,2.6,ND,2.7,"2,212",3.3,ND,0,P,A,,0.06,0.15,0.15,0.003,0.003,0.002,41.8,21.9,0.7
PC221,Spring Street,GrbW,7/12/2016,Summer,Dry,Tributary,1137,24.1,185.1,7.3,7.53,3.28,3,,124,2.1,LOQ,2.7,"1,723",3.2,ND,0,P,P,,0.06,0.06,0.06,0.003,0.001,0.001,41.8,21.9,0.7
PC234,Spring Street,GrbW,7/26/2016,Summer,Dry,Tributary,1213,26,172,7.27,7.53,3.3,2.19,,425,2.6,ND,2.7,"2,056",3.3,ND,0,P,A,,0,0,0,0,0,0,41.8,21.9,0.7
PC249,Spring Street,GrbW,8/9/2016,Summer,Dry,Tributary,1136,25.1,131.1,7.14,7.37,3.31,3.44,,305,2.5,ND,2.7,LOQ,2.7,ND,0,P,A,,0.07,0.35,0.35,0.003,0.007,0.005,41.8,21.9,0.7
PC261,Spring Street,GrbW,8/30/2016,Summer,Dry,Tributary,1155,23.9,162.8,7.65,7.62,3.28,1.93,,157,2.2,ND,2.7,LOQ,2.7,ND,0,A,P,,0,0,0,0,0,0,41.8,21.9,0.7
PC273,Spring Street,GrbW,9/15/2016,Summer,Dry,Tributary,1147,22.6,159.9,7.42,7.39,3.29,1.28,,74,1.9,ND,0,"3,476",3.5,ND,0,P,A,,0,0,0.06,0,0,0.001,41.8,21.9,0.7
PC285,Spring Street,GrbW,9/27/2016,Fall,Dry,Tributary,1115,22.1,158.4,7.46,7.44,3.3,1.72,,298,2.5,ND,0,"9,752",4,ND,0,A,P,,0,0,0,0,0,0,41.8,21.9,0.7
PC297,Spring Street,GrbW,10/18/2016,Fall,Dry,Tributary,1154,17.9,142.2,7.9,7.51,2.28,1.03,,113,2.1,ND,0,"1,149",3.1,ND,0,P,P,0.23,0,0,0.03,0,0,0,41.8,21.9,0.7
PC312,Spring Street,GrbW,10/25/2016,Fall,Dry,Tributary,1200,13.4,132.9,8.57,7.4,3.27,0.79,,80,1.9,ND,0,LOQ,2.7,ND,0,P,P,,0,0,0,0,0,0,41.8,21.9,0.7
PC324,Spring Street,GrbW,11/7/2016,Fall,Dry,Tributary,1206,13.4,143.7,8.78,7.29,3.22,1.29,,"1,212",3.1,"12,847",4.1,"21,429",4.3,ND,0,P,P,,0,0,0,0,0,0,41.8,21.9,0.7
PC336,Spring Street,GrbW,11/21/2016,Fall,Dry,Tributary,1143,7.2,114.5,10.65,7.51,3.22,1.08,,105,2,"1,445",3.2,LOQ,2.7,ND,0,A,P,,0,0,0,0,0,0,41.8,21.9,0.7
PC348,Spring Street,GrbW,12/5/2016,Fall,Dry,Tributary,1234,10.2,87.6,9.69,7.22,3.26,5.72,,"1,389",3.1,"19,308",4.3,"17,670",4.2,"2,780",3.4,A,A,,0.22,0.7,0.7,0.009,0.015,0.01,41.8,21.9,0.7
PC360,Spring Street,GrbW,12/19/2016,Fall,Dry,Tributary,1209,7.2,113.2,11.31,7.41,3.26,3.82,,791,2.9,"125,824",5.1,"25,166",4.4,LOQ,3,P,P,,0.15,0.32,0.33,0.006,0.007,0.005,41.8,21.9,0.7
PC373,Spring Street,GrbW,1/3/2017,Winter,Wet,Tributary,1205,12.6,107.7,9.23,7.32,3.16,14.4,,"5,489",3.7,"57,190",4.8,"202,517",5.3,"3,465",3.5,P,A,,1.68,2.24,2.64,0.07,0.047,0.037,41.8,21.9,0.7
PC386,Spring Street,GrbW,1/24/2017,Winter,Wet,Tributary,1310,11.71,195,10.52,7.38,NA,4.57,,"2,219",3.3,"107,325",5,"26,873",4.4,"3,553",3.6,P,A,2.23,0,0.65,1.08,0,0.014,0.015,41.8,21.9,0.7
PC402,Spring Street,GrbW,2/9/2017,Winter,Wet,Tributary,1125,11.2,88.2,9.57,7.31,3.2,23.8,,"2,556",3.4,"26,040",4.4,"51,657",4.7,"12,975",4.1,P,P,,0.17,0.84,0.86,0.007,0.018,0.012,41.8,21.9,0.7
PC418,Spring Street,GrbW,2/22/2017,Winter,Wet,Tributary,1118,14.3,138.6,9.6,7.46,3.17,3.13,,327,2.5,"6,722",3.8,"15,542",4.2,ND,0,A,P,,0.32,0.32,0.32,0.013,0.007,0.004,41.8,21.9,0.7
PC431,Spring Street,GrbW,3/8/2017,Winter,Wet,Tributary,1119,14.6,107,10.36,7.41,3.22,8.62,,"2,745",3.4,"122,846",5.1,"48,169",4.7,"8,351",3.9,A,P,,0.54,0.54,0.54,0.023,0.011,0.008,41.8,21.9,0.7
PC445,Spring Street,GrbW,3/21/2017,Spring,Wet,Tributary,1158,14.5,150.2,14.2,7.59,3.28,1.23,,99,2,"4,652",3.7,"3,165",3.5,ND,0,A,P,,0,0,0,0,0,0,41.8,21.9,0.7
PC475,Spring Street,GrbW,4/4/2017,Spring,Wet,Tributary,1228,18.7,144.1,8.08,7.37,3.21,7.87,,"7,131",3.9,"47,763",4.7,"27,165",4.4,LOQ,3,A,P,,0.27,0.63,0.63,0.011,0.013,0.009,41.8,21.9,0.7
PC487,Spring Street,GrbW,4/11/2017,Spring,Wet,Tributary,1230,17.41,219,9.4,7.48,,3.76,,"2,237",3.3,"10,198",4,"16,623",4.2,ND,0,A,P,1.19,0,0,0,0,0,0,41.8,21.9,0.7
PC505,Spring Street,GrbW,5/3/2017,Spring,Wet,Tributary,1039,16.7,184.7,6.43,7.21,3.3,2.22,,"1,085",3,"20,537",4.3,"7,931",3.9,ND,0,A,P,,0,0.01,0.31,0,0,0.004,41.8,21.9,0.7
PC519,Spring Street,GrbW,5/16/2017,Spring,Wet,Tributary,1139,20.5,227.4,6.3,7.13,3.28,3.18,248.8,"4,262",3.6,"47,056",4.7,"34,792",4.5,ND,0,A,A,,0,0,0.31,0,0,0.004,41.8,21.9,0.7
PC533,Spring Street,GrbW,5/31/2017,Spring,Wet,Tributary,1039,19.8,121.5,8.06,7.16,3.1,30,135,"9,612",4,"50,759",4.7,"286,811",5.5,"53,849",4.7,P,P,,1.13,2.26,2.26,0.047,0.047,0.031,41.8,21.9,0.7
PC546,Spring Street,GrbW,7/18/2017,Summer,Dry,Tributary,1340,24.34,194,7.42,7.31,,3.55,,"3,933",3.6,ND,0,LOQ,2.7,ND,0,P,A,,0,0.18,0.34,0,0.004,0.005,41.8,21.9,0.7
PC565,Spring Street,GrbW,7/25/2017,Summer,Dry,Tributary,1101,24.1,192.8,5.16,7.27,3.22,7.08,196.4,"23,820",4.4,"195,515",5.3,"353,417",5.5,ND,0,A,A,,1.22,1.54,1.54,0.051,0.032,0.021,41.8,21.9,0.7
